tanggal,pm10,so2,co,o3,no2,max,critical,categori,lokasi_spku
2018-01-01,76.0,31.0,38.0,35.0,9.0,76.0,PM10,SEDANG,DKI4
2018-01-02,23.0,31.0,24.0,39.0,14.0,39.0,O3,BAIK,DKI3
2018-01-03,53.0,35.0,35.0,101.0,23.0,101.0,O3,TIDAK SEHAT,DKI3
2018-01-04,53.0,49.0,34.0,57.0,15.0,57.0,O3,SEDANG,DKI3
2018-01-05,44.0,32.0,26.0,28.0,10.0,44.0,PM10,BAIK,DKI4
2018-01-06,20.0,30.0,22.0,31.0,5.0,31.0,O3,BAIK,DKI5
2018-01-07,26.0,30.0,14.0,46.0,5.0,46.0,O3,BAIK,DKI5
2018-01-08,62.0,33.0,19.0,73.0,17.0,73.0,O3,SEDANG,DKI5
2018-01-09,45.0,32.0,16.0,63.0,14.0,63.0,O3,SEDANG,DKI3
2018-01-10,42.0,34.0,16.0,95.0,17.0,95.0,O3,SEDANG,DKI5
2018-01-11,40.0,38.0,18.0,81.0,19.0,81.0,O3,SEDANG,DKI5
2018-01-12,37.0,33.0,18.0,83.0,17.0,83.0,O3,SEDANG,DKI5
2018-01-13,51.0,30.0,17.0,93.0,21.0,93.0,O3,SEDANG,DKI5
2018-01-14,33.0,72.0,17.0,73.0,14.0,73.0,O3,SEDANG,DKI5
2018-01-15,30.0,72.0,19.0,70.0,12.0,72.0,SO2,SEDANG,DKI4
2018-01-16,25.0,70.0,19.0,61.0,10.0,70.0,SO2,SEDANG,DKI4
2018-01-17,35.0,52.0,19.0,60.0,13.0,60.0,O3,SEDANG,DKI5
2018-01-18,41.0,52.0,22.0,56.0,15.0,56.0,O3,SEDANG,DKI5
2018-01-19,46.0,51.0,29.0,48.0,19.0,51.0,SO2,SEDANG,DKI4
2018-01-20,27.0,51.0,18.0,38.0,7.0,51.0,SO2,SEDANG,DKI4
2018-01-21,25.0,51.0,18.0,40.0,8.0,51.0,SO2,SEDANG,DKI4
2018-01-22,26.0,52.0,17.0,32.0,6.0,52.0,SO2,SEDANG,DKI4
2018-01-23,28.0,52.0,17.0,57.0,9.0,57.0,O3,SEDANG,DKI5
2018-01-24,33.0,53.0,20.0,86.0,19.0,86.0,O3,SEDANG,DKI5
2018-01-25,26.0,53.0,22.0,51.0,15.0,53.0,SO2,SEDANG,DKI4
2018-01-26,21.0,53.0,19.0,41.0,7.0,53.0,SO2,SEDANG,DKI4
2018-01-27,27.0,54.0,19.0,63.0,6.0,63.0,O3,SEDANG,DKI5
2018-01-28,34.0,55.0,20.0,52.0,6.0,55.0,SO2,SEDANG,DKI4
2018-01-29,22.0,54.0,18.0,39.0,7.0,54.0,SO2,SEDANG,DKI4
2018-01-30,27.0,41.0,22.0,41.0,7.0,41.0,SO2,BAIK,DKI5
2018-01-31,28.0,54.0,21.0,58.0,12.0,58.0,O3,SEDANG,DKI5
2018-02-01,44.0,43.0,37.0,73.0,13.0,73.0,O3,SEDANG,DKI5
2018-02-02,47.0,45.0,56.0,68.0,12.0,68.0,O3,SEDANG,DKI3
2018-02-03,42.0,44.0,35.0,59.0,12.0,59.0,O3,SEDANG,DKI5
2018-02-04,35.0,47.0,35.0,57.0,12.0,57.0,O3,SEDANG,DKI5
2018-02-05,31.0,46.0,32.0,66.0,9.0,66.0,O3,SEDANG,DKI5
2018-02-06,45.0,48.0,71.0,75.0,16.0,75.0,O3,SEDANG,DKI5
2018-02-07,42.0,50.0,60.0,89.0,14.0,89.0,O3,SEDANG,DKI5
2018-02-08,55.0,49.0,62.0,89.0,22.0,89.0,O3,SEDANG,DKI5
2018-02-09,53.0,24.0,88.0,65.0,14.0,88.0,CO,SEDANG,DKI5
2018-02-10,43.0,24.0,52.0,58.0,16.0,58.0,O3,SEDANG,DKI5
2018-02-11,48.0,25.0,39.0,56.0,12.0,56.0,O3,SEDANG,DKI5
2018-02-12,50.0,21.0,56.0,70.0,12.0,70.0,O3,SEDANG,DKI5
2018-02-13,57.0,21.0,32.0,75.0,13.0,75.0,O3,SEDANG,DKI5
2018-02-14,60.0,22.0,27.0,80.0,17.0,80.0,O3,SEDANG,DKI5
2018-02-15,55.0,22.0,63.0,58.0,15.0,63.0,CO,SEDANG,DKI5
2018-02-16,22.0,22.0,23.0,68.0,14.0,68.0,O3,SEDANG,DKI5
2018-02-17,53.0,24.0,23.0,48.0,14.0,53.0,PM10,SEDANG,DKI4
2018-02-18,40.0,23.0,23.0,80.0,9.0,80.0,O3,SEDANG,DKI5
2018-02-19,45.0,24.0,20.0,65.0,14.0,65.0,O3,SEDANG,DKI5
2018-02-20,52.0,32.0,35.0,62.0,14.0,62.0,O3,SEDANG,DKI5
2018-02-21,57.0,26.0,22.0,66.0,26.0,66.0,O3,SEDANG,DKI2
2018-02-22,53.0,26.0,66.0,47.0,19.0,66.0,CO,SEDANG,DKI5
2018-02-23,64.0,26.0,88.0,61.0,14.0,88.0,CO,SEDANG,DKI5
2018-02-24,47.0,23.0,22.0,76.0,11.0,76.0,O3,SEDANG,DKI3
2018-02-25,48.0,26.0,20.0,91.0,11.0,91.0,O3,SEDANG,DKI5
2018-02-26,46.0,25.0,33.0,80.0,15.0,80.0,O3,SEDANG,DKI5
2018-02-27,47.0,25.0,42.0,64.0,17.0,64.0,O3,SEDANG,DKI3
2018-02-28,56.0,28.0,56.0,80.0,16.0,80.0,O3,SEDANG,DKI3
2018-03-01,72.0,24.0,40.0,126.0,19.0,126.0,O3,TIDAK SEHAT,DKI5
2018-03-02,51.0,29.0,34.0,146.0,17.0,146.0,O3,TIDAK SEHAT,DKI2
2018-03-03,62.0,30.0,37.0,109.0,18.0,109.0,O3,TIDAK SEHAT,DKI5
2018-03-04,60.0,30.0,64.0,194.0,19.0,194.0,O3,TIDAK SEHAT,DKI5
2018-03-05,61.0,23.0,48.0,79.0,20.0,79.0,O3,SEDANG,DKI5
2018-03-06,64.0,28.0,30.0,103.0,16.0,103.0,O3,TIDAK SEHAT,DKI3
2018-03-07,66.0,26.0,48.0,76.0,21.0,76.0,O3,SEDANG,DKI3
2018-03-08,55.0,29.0,47.0,107.0,22.0,107.0,O3,TIDAK SEHAT,DKI5
2018-03-09,59.0,30.0,59.0,81.0,27.0,81.0,O3,SEDANG,DKI5
2018-03-10,60.0,25.0,27.0,54.0,12.0,60.0,PM10,SEDANG,DKI3
2018-03-11,56.0,25.0,18.0,63.0,10.0,63.0,O3,SEDANG,DKI5
2018-03-12,39.0,24.0,20.0,46.0,9.0,46.0,O3,BAIK,DKI5
2018-03-13,49.0,28.0,20.0,61.0,8.0,61.0,O3,SEDANG,DKI3
2018-03-14,62.0,31.0,20.0,89.0,11.0,89.0,O3,SEDANG,DKI3
2018-03-15,68.0,37.0,24.0,136.0,30.0,136.0,O3,TIDAK SEHAT,DKI2
2018-03-16,75.0,30.0,20.0,191.0,15.0,191.0,O3,TIDAK SEHAT,DKI5
2018-03-17,71.0,32.0,24.0,155.0,20.0,155.0,O3,TIDAK SEHAT,DKI5
2018-03-18,72.0,31.0,54.0,195.0,14.0,195.0,O3,TIDAK SEHAT,DKI5
2018-03-19,50.0,27.0,21.0,156.0,15.0,156.0,O3,TIDAK SEHAT,DKI5
2018-03-20,51.0,29.0,23.0,202.0,22.0,202.0,O3,SANGAT TIDAK SEHAT,DKI5
2018-03-21,62.0,25.0,31.0,87.0,14.0,87.0,O3,SEDANG,DKI2
2018-03-22,30.0,25.0,18.0,51.0,9.0,51.0,O3,SEDANG,DKI3
2018-03-23,75.0,44.0,49.0,94.0,21.0,94.0,O3,SEDANG,DKI5
2018-03-24,66.0,30.0,23.0,55.0,17.0,66.0,PM10,SEDANG,DKI1
2018-03-25,36.0,24.0,16.0,64.0,19.0,64.0,O3,SEDANG,DKI2
2018-03-26,51.0,27.0,24.0,90.0,19.0,90.0,O3,SEDANG,DKI2
2018-03-27,41.0,24.0,20.0,94.0,7.0,94.0,O3,SEDANG,DKI2
2018-03-28,75.0,31.0,42.0,195.0,26.0,195.0,O3,TIDAK SEHAT,DKI2
2018-03-29,71.0,34.0,26.0,129.0,19.0,129.0,O3,TIDAK SEHAT,DKI2
2018-03-30,56.0,30.0,34.0,105.0,30.0,105.0,O3,TIDAK SEHAT,DKI2
2018-03-31,39.0,48.0,15.0,67.0,8.0,67.0,O3,SEDANG,DKI5
2018-04-01,45.0,25.0,17.0,57.0,13.0,57.0,O3,SEDANG,DKI5
2018-04-02,46.0,27.0,18.0,57.0,19.0,57.0,O3,SEDANG,DKI5
2018-04-03,50.0,26.0,27.0,80.0,26.0,80.0,O3,SEDANG,DKI5
2018-04-04,45.0,28.0,20.0,96.0,28.0,96.0,O3,SEDANG,DKI5
2018-04-05,81.0,37.0,29.0,202.0,18.0,202.0,O3,SANGAT TIDAK SEHAT,DKI5
2018-04-06,56.0,29.0,21.0,144.0,12.0,144.0,O3,TIDAK SEHAT,DKI5
2018-04-07,68.0,31.0,29.0,74.0,12.0,74.0,O3,SEDANG,DKI3
2018-04-08,45.0,28.0,16.0,51.0,12.0,51.0,O3,SEDANG,DKI3
2018-04-09,53.0,33.0,20.0,85.0,11.0,85.0,O3,SEDANG,DKI3
2018-04-10,52.0,36.0,19.0,66.0,15.0,66.0,O3,SEDANG,DKI3
2018-04-11,71.0,33.0,23.0,92.0,13.0,92.0,O3,SEDANG,DKI3
2018-04-12,69.0,58.0,16.0,57.0,14.0,69.0,PM10,SEDANG,DKI2
2018-04-13,54.0,56.0,16.0,121.0,11.0,121.0,O3,TIDAK SEHAT,DKI5
2018-04-14,51.0,22.0,21.0,141.0,12.0,141.0,O3,TIDAK SEHAT,DKI5
2018-04-15,59.0,27.0,23.0,168.0,13.0,168.0,O3,TIDAK SEHAT,DKI5
2018-04-16,65.0,33.0,27.0,185.0,18.0,185.0,O3,TIDAK SEHAT,DKI5
2018-04-17,63.0,26.0,24.0,142.0,16.0,142.0,O3,TIDAK SEHAT,DKI5
2018-04-18,81.0,29.0,26.0,80.0,23.0,81.0,PM10,SEDANG,DKI4
2018-04-19,86.0,27.0,33.0,133.0,22.0,133.0,O3,TIDAK SEHAT,DKI5
2018-04-20,76.0,24.0,30.0,92.0,18.0,92.0,O3,SEDANG,DKI5
2018-04-21,73.0,26.0,43.0,162.0,25.0,162.0,O3,TIDAK SEHAT,DKI5
2018-04-22,70.0,26.0,29.0,117.0,18.0,117.0,O3,TIDAK SEHAT,DKI5
2018-04-23,51.0,22.0,30.0,84.0,16.0,84.0,O3,SEDANG,DKI5
2018-04-24,61.0,23.0,33.0,90.0,34.0,90.0,O3,SEDANG,DKI5
2018-04-25,69.0,23.0,37.0,48.0,18.0,69.0,PM10,SEDANG,DKI1
2018-04-26,71.0,30.0,34.0,56.0,25.0,71.0,PM10,SEDANG,DKI1
2018-04-27,62.0,23.0,22.0,48.0,16.0,62.0,PM10,SEDANG,DKI2
2018-04-28,57.0,25.0,23.0,96.0,16.0,96.0,O3,SEDANG,DKI5
2018-04-29,67.0,23.0,26.0,120.0,18.0,120.0,O3,TIDAK SEHAT,DKI5
2018-04-30,78.0,24.0,29.0,89.0,22.0,89.0,O3,SEDANG,DKI4
2018-05-01,73.0,25.0,19.0,101.0,18.0,101.0,O3,TIDAK SEHAT,DKI5
2018-05-02,88.0,25.0,22.0,183.0,18.0,183.0,O3,TIDAK SEHAT,DKI5
2018-05-03,103.0,27.0,23.0,166.0,20.0,166.0,O3,TIDAK SEHAT,DKI5
2018-05-04,91.0,27.0,46.0,164.0,23.0,164.0,O3,TIDAK SEHAT,DKI5
2018-05-05,78.0,26.0,27.0,137.0,17.0,137.0,O3,TIDAK SEHAT,DKI5
2018-05-06,70.0,26.0,17.0,109.0,15.0,109.0,O3,TIDAK SEHAT,DKI5
2018-05-07,68.0,27.0,17.0,77.0,16.0,77.0,O3,SEDANG,DKI5
2018-05-08,79.0,26.0,21.0,204.0,17.0,204.0,O3,SANGAT TIDAK SEHAT,DKI5
2018-05-09,93.0,27.0,21.0,156.0,20.0,156.0,O3,TIDAK SEHAT,DKI5
2018-05-10,73.0,25.0,18.0,107.0,15.0,107.0,O3,TIDAK SEHAT,DKI5
2018-05-11,74.0,27.0,16.0,83.0,18.0,83.0,O3,SEDANG,DKI5
2018-05-12,103.0,27.0,29.0,144.0,21.0,144.0,O3,TIDAK SEHAT,DKI5
2018-05-13,96.0,26.0,26.0,131.0,14.0,131.0,O3,TIDAK SEHAT,DKI5
2018-05-14,87.0,26.0,20.0,178.0,13.0,178.0,O3,TIDAK SEHAT,DKI5
2018-05-15,94.0,27.0,25.0,143.0,17.0,143.0,O3,TIDAK SEHAT,DKI5
2018-05-16,87.0,28.0,23.0,151.0,16.0,151.0,O3,TIDAK SEHAT,DKI5
2018-05-17,65.0,25.0,19.0,80.0,16.0,80.0,O3,SEDANG,DKI3
2018-05-18,78.0,26.0,26.0,86.0,11.0,86.0,O3,SEDANG,DKI5
2018-05-19,59.0,24.0,13.0,102.0,10.0,102.0,O3,TIDAK SEHAT,DKI5
2018-05-20,61.0,25.0,29.0,98.0,12.0,98.0,O3,SEDANG,DKI5
2018-05-21,60.0,25.0,20.0,185.0,16.0,185.0,O3,TIDAK SEHAT,DKI5
2018-05-22,58.0,25.0,14.0,80.0,10.0,80.0,O3,SEDANG,DKI5
2018-05-23,58.0,26.0,12.0,74.0,12.0,74.0,O3,SEDANG,DKI5
2018-05-24,42.0,25.0,12.0,94.0,10.0,94.0,O3,SEDANG,DKI5
2018-05-25,66.0,26.0,22.0,92.0,11.0,92.0,O3,SEDANG,DKI5
2018-05-26,71.0,29.0,24.0,119.0,13.0,119.0,O3,TIDAK SEHAT,DKI5
2018-05-27,62.0,26.0,23.0,156.0,10.0,156.0,O3,TIDAK SEHAT,DKI5
2018-05-28,81.0,24.0,55.0,120.0,33.0,120.0,O3,TIDAK SEHAT,DKI2
2018-05-29,84.0,31.0,21.0,118.0,20.0,118.0,O3,TIDAK SEHAT,DKI5
2018-05-30,86.0,25.0,24.0,191.0,20.0,191.0,O3,TIDAK SEHAT,DKI5
2018-05-31,83.0,28.0,21.0,183.0,20.0,183.0,O3,TIDAK SEHAT,DKI2
2018-06-01,75.0,27.0,30.0,115.0,15.0,115.0,O3,TIDAK SEHAT,DKI5
2018-06-02,78.0,26.0,14.0,86.0,18.0,86.0,O3,SEDANG,DKI5
2018-06-03,82.0,26.0,16.0,145.0,17.0,145.0,O3,TIDAK SEHAT,DKI5
2018-06-04,73.0,27.0,11.0,125.0,19.0,125.0,O3,TIDAK SEHAT,DKI5
2018-06-05,69.0,26.0,13.0,146.0,14.0,146.0,O3,TIDAK SEHAT,DKI5
2018-06-06,78.0,26.0,16.0,133.0,13.0,133.0,O3,TIDAK SEHAT,DKI5
2018-06-07,79.0,25.0,21.0,179.0,18.0,179.0,O3,TIDAK SEHAT,DKI5
2018-06-08,68.0,27.0,16.0,162.0,17.0,162.0,O3,TIDAK SEHAT,DKI5
2018-06-09,100.0,27.0,39.0,167.0,22.0,167.0,O3,TIDAK SEHAT,DKI5
2018-06-10,75.0,27.0,28.0,203.0,17.0,203.0,O3,SANGAT TIDAK SEHAT,DKI2
2018-06-11,74.0,27.0,14.0,169.0,14.0,169.0,O3,TIDAK SEHAT,DKI2
2018-06-12,67.0,26.0,18.0,161.0,13.0,161.0,O3,TIDAK SEHAT,DKI2
2018-06-13,64.0,25.0,30.0,163.0,16.0,163.0,O3,TIDAK SEHAT,DKI5
2018-06-14,56.0,25.0,18.0,144.0,7.0,144.0,O3,TIDAK SEHAT,DKI5
2018-06-15,60.0,26.0,21.0,161.0,8.0,161.0,O3,TIDAK SEHAT,DKI2
2018-06-16,61.0,37.0,31.0,139.0,17.0,139.0,O3,TIDAK SEHAT,DKI2
2018-06-17,49.0,27.0,11.0,88.0,8.0,88.0,O3,SEDANG,DKI5
2018-06-18,51.0,27.0,10.0,75.0,10.0,75.0,O3,SEDANG,DKI5
2018-06-19,60.0,26.0,13.0,97.0,10.0,97.0,O3,SEDANG,DKI5
2018-06-20,73.0,26.0,16.0,86.0,10.0,86.0,O3,SEDANG,DKI5
2018-06-21,51.0,27.0,11.0,70.0,5.0,70.0,O3,SEDANG,DKI5
2018-06-22,66.0,28.0,17.0,94.0,13.0,94.0,O3,SEDANG,DKI5
2018-06-23,81.0,27.0,14.0,77.0,10.0,81.0,PM10,SEDANG,DKI4
2018-06-24,50.0,25.0,15.0,110.0,10.0,110.0,O3,TIDAK SEHAT,DKI5
2018-06-25,35.0,25.0,14.0,100.0,11.0,100.0,O3,SEDANG,DKI5
2018-06-26,56.0,26.0,43.0,107.0,23.0,107.0,O3,TIDAK SEHAT,DKI2
2018-06-27,60.0,26.0,23.0,136.0,19.0,136.0,O3,TIDAK SEHAT,DKI5
2018-06-28,69.0,27.0,24.0,146.0,10.0,146.0,O3,TIDAK SEHAT,DKI5
2018-06-29,73.0,28.0,18.0,213.0,20.0,213.0,O3,SANGAT TIDAK SEHAT,DKI5
2018-06-30,67.0,30.0,17.0,193.0,15.0,193.0,O3,TIDAK SEHAT,DKI2
2018-07-01,96.0,28.0,27.0,205.0,20.0,205.0,O3,SANGAT TIDAK SEHAT,DKI5
2018-07-02,79.0,29.0,28.0,142.0,20.0,142.0,O3,TIDAK SEHAT,DKI5
2018-07-03,79.0,29.0,23.0,166.0,16.0,166.0,O3,TIDAK SEHAT,DKI2
2018-07-04,104.0,31.0,24.0,209.0,19.0,209.0,O3,SANGAT TIDAK SEHAT,DKI2
2018-07-05,63.0,29.0,16.0,123.0,13.0,123.0,O3,TIDAK SEHAT,DKI5
2018-07-06,74.0,31.0,16.0,113.0,19.0,113.0,O3,TIDAK SEHAT,DKI5
2018-07-07,95.0,32.0,32.0,104.0,24.0,104.0,O3,TIDAK SEHAT,DKI5
2018-07-08,95.0,29.0,32.0,111.0,22.0,111.0,O3,TIDAK SEHAT,DKI2
2018-07-09,69.0,29.0,17.0,116.0,17.0,116.0,O3,TIDAK SEHAT,DKI5
2018-07-10,87.0,29.0,19.0,124.0,16.0,124.0,O3,TIDAK SEHAT,DKI2
2018-07-11,73.0,32.0,17.0,129.0,20.0,129.0,O3,TIDAK SEHAT,DKI2
2018-07-12,74.0,32.0,16.0,117.0,18.0,117.0,O3,TIDAK SEHAT,DKI5
2018-07-13,80.0,30.0,17.0,107.0,18.0,107.0,O3,TIDAK SEHAT,DKI2
2018-07-14,84.0,33.0,19.0,117.0,19.0,117.0,O3,TIDAK SEHAT,DKI2
2018-07-15,63.0,29.0,14.0,129.0,11.0,129.0,O3,TIDAK SEHAT,DKI2
2018-07-16,61.0,33.0,14.0,222.0,18.0,222.0,O3,SANGAT TIDAK SEHAT,DKI5
2018-07-17,81.0,30.0,20.0,205.0,19.0,205.0,O3,SANGAT TIDAK SEHAT,DKI5
2018-07-18,88.0,29.0,25.0,208.0,20.0,208.0,O3,SANGAT TIDAK SEHAT,DKI5
2018-07-19,82.0,30.0,19.0,188.0,19.0,188.0,O3,TIDAK SEHAT,DKI5
2018-07-20,79.0,30.0,16.0,113.0,18.0,113.0,O3,TIDAK SEHAT,DKI5
2018-07-21,74.0,32.0,14.0,151.0,16.0,151.0,O3,TIDAK SEHAT,DKI5
2018-07-22,77.0,29.0,22.0,166.0,15.0,166.0,O3,TIDAK SEHAT,DKI5
2018-07-23,63.0,25.0,23.0,191.0,22.0,191.0,O3,TIDAK SEHAT,DKI5
2018-07-24,92.0,32.0,23.0,184.0,22.0,184.0,O3,TIDAK SEHAT,DKI5
2018-07-25,75.0,29.0,23.0,153.0,17.0,153.0,O3,TIDAK SEHAT,DKI5
2018-07-26,78.0,33.0,22.0,168.0,20.0,168.0,O3,TIDAK SEHAT,DKI5
2018-07-27,86.0,31.0,19.0,197.0,18.0,197.0,O3,TIDAK SEHAT,DKI5
2018-07-28,92.0,32.0,31.0,234.0,20.0,234.0,O3,SANGAT TIDAK SEHAT,DKI5
2018-07-29,77.0,30.0,23.0,202.0,20.0,202.0,O3,SANGAT TIDAK SEHAT,DKI5
2018-07-30,92.0,31.0,23.0,174.0,27.0,174.0,O3,TIDAK SEHAT,DKI5
2018-07-31,79.0,29.0,22.0,156.0,21.0,156.0,O3,TIDAK SEHAT,DKI5
2018-08-01,86.0,31.0,21.0,129.0,24.0,129.0,O3,TIDAK SEHAT,
2018-08-02,68.0,31.0,18.0,207.0,20.0,207.0,O3,SANGAT TIDAK SEHAT,
2018-08-03,68.0,32.0,16.0,211.0,17.0,211.0,O3,SANGAT TIDAK SEHAT,
2018-08-04,59.0,31.0,16.0,194.0,16.0,194.0,O3,TIDAK SEHAT,
2018-08-05,65.0,35.0,14.0,203.0,16.0,203.0,O3,SANGAT TIDAK SEHAT,
2018-08-06,71.0,34.0,13.0,202.0,23.0,202.0,O3,SANGAT TIDAK SEHAT,
2018-08-07,79.0,35.0,21.0,162.0,25.0,162.0,O3,TIDAK SEHAT,
2018-08-08,92.0,33.0,28.0,144.0,29.0,144.0,O3,TIDAK SEHAT,
2018-08-09,75.0,37.0,22.0,186.0,18.0,186.0,O3,TIDAK SEHAT,
2018-08-10,65.0,33.0,18.0,165.0,17.0,165.0,O3,TIDAK SEHAT,
2018-08-11,69.0,31.0,17.0,126.0,19.0,126.0,O3,TIDAK SEHAT,
2018-08-12,77.0,31.0,20.0,127.0,15.0,127.0,O3,TIDAK SEHAT,
2018-08-13,66.0,30.0,14.0,134.0,14.0,134.0,O3,TIDAK SEHAT,
2018-08-14,74.0,31.0,19.0,151.0,13.0,151.0,O3,TIDAK SEHAT,
2018-08-15,62.0,30.0,15.0,185.0,16.0,185.0,O3,TIDAK SEHAT,
2018-08-16,72.0,31.0,17.0,140.0,15.0,140.0,O3,TIDAK SEHAT,
2018-08-17,62.0,31.0,15.0,154.0,13.0,154.0,O3,TIDAK SEHAT,
2018-08-18,62.0,30.0,14.0,143.0,14.0,143.0,O3,TIDAK SEHAT,
2018-08-19,79.0,32.0,20.0,149.0,13.0,149.0,O3,TIDAK SEHAT,
2018-08-20,80.0,30.0,19.0,101.0,11.0,101.0,O3,TIDAK SEHAT,
2018-08-21,73.0,32.0,16.0,122.0,11.0,122.0,O3,TIDAK SEHAT,
2018-08-22,62.0,31.0,16.0,164.0,9.0,164.0,O3,TIDAK SEHAT,
2018-08-23,62.0,30.0,17.0,161.0,16.0,161.0,O3,TIDAK SEHAT,
2018-08-24,81.0,32.0,22.0,110.0,18.0,110.0,O3,TIDAK SEHAT,
2018-08-25,76.0,31.0,19.0,202.0,13.0,202.0,O3,SANGAT TIDAK SEHAT,
2018-08-26,75.0,30.0,16.0,131.0,12.0,131.0,O3,TIDAK SEHAT,
2018-08-27,79.0,31.0,20.0,166.0,13.0,166.0,O3,TIDAK SEHAT,
2018-08-28,83.0,31.0,17.0,182.0,13.0,182.0,O3,TIDAK SEHAT,
2018-08-29,67.0,30.0,16.0,161.0,13.0,161.0,O3,TIDAK SEHAT,
2018-08-30,85.0,31.0,17.0,153.0,16.0,153.0,O3,TIDAK SEHAT,
2018-08-31,65.0,30.0,18.0,130.0,11.0,130.0,O3,TIDAK SEHAT,
2018-09-01,68.0,29.0,20.0,145.0,13.0,145.0,O3,TIDAK SEHAT,DKI5
2018-09-02,73.0,30.0,20.0,136.0,11.0,136.0,O3,TIDAK SEHAT,DKI5
2018-09-03,62.0,37.0,23.0,175.0,24.0,175.0,O3,TIDAK SEHAT,DKI5
2018-09-04,52.0,37.0,22.0,217.0,24.0,217.0,O3,SANGAT TIDAK SEHAT,DKI5
2018-09-05,53.0,31.0,15.0,140.0,24.0,140.0,O3,TIDAK SEHAT,DKI5
2018-09-06,82.0,44.0,25.0,148.0,17.0,148.0,O3,TIDAK SEHAT,DKI5
2018-09-07,69.0,33.0,21.0,147.0,10.0,147.0,O3,TIDAK SEHAT,DKI5
2018-09-08,51.0,33.0,19.0,175.0,16.0,175.0,O3,TIDAK SEHAT,DKI5
2018-09-09,81.0,34.0,30.0,126.0,16.0,126.0,O3,TIDAK SEHAT,DKI5
2018-09-10,69.0,33.0,20.0,132.0,12.0,132.0,O3,TIDAK SEHAT,DKI5
2018-09-11,63.0,33.0,16.0,102.0,11.0,102.0,O3,TIDAK SEHAT,DKI5
2018-09-12,61.0,32.0,16.0,164.0,13.0,164.0,O3,TIDAK SEHAT,DKI2
2018-09-13,70.0,46.0,19.0,190.0,13.0,190.0,O3,TIDAK SEHAT,DKI5
2018-09-14,62.0,44.0,18.0,233.0,17.0,233.0,O3,SANGAT TIDAK SEHAT,DKI2
2018-09-15,68.0,37.0,17.0,196.0,23.0,196.0,O3,TIDAK SEHAT,DKI2
2018-09-16,82.0,34.0,15.0,119.0,11.0,119.0,O3,TIDAK SEHAT,DKI2
2018-09-17,62.0,33.0,17.0,83.0,14.0,83.0,O3,SEDANG,DKI5
2018-09-18,64.0,32.0,18.0,141.0,11.0,141.0,O3,TIDAK SEHAT,DKI5
2018-09-19,58.0,34.0,16.0,85.0,11.0,85.0,O3,SEDANG,DKI5
2018-09-20,70.0,34.0,19.0,77.0,12.0,77.0,O3,SEDANG,DKI5
2018-09-21,80.0,33.0,34.0,75.0,12.0,80.0,PM10,SEDANG,DKI4
2018-09-22,58.0,33.0,25.0,157.0,13.0,157.0,O3,TIDAK SEHAT,DKI5
2018-09-23,84.0,33.0,29.0,130.0,14.0,130.0,O3,TIDAK SEHAT,DKI5
2018-09-24,69.0,33.0,25.0,152.0,21.0,152.0,O3,TIDAK SEHAT,DKI5
2018-09-25,78.0,32.0,31.0,197.0,16.0,197.0,O3,TIDAK SEHAT,DKI5
2018-09-26,94.0,50.0,26.0,202.0,21.0,202.0,O3,SANGAT TIDAK SEHAT,DKI5
2018-09-27,72.0,37.0,21.0,146.0,18.0,146.0,O3,TIDAK SEHAT,DKI5
2018-09-28,70.0,33.0,22.0,194.0,17.0,194.0,O3,TIDAK SEHAT,DKI5
2018-09-29,62.0,33.0,21.0,165.0,15.0,165.0,O3,TIDAK SEHAT,DKI5
2018-09-30,63.0,32.0,20.0,145.0,11.0,145.0,O3,TIDAK SEHAT,DKI5
2018-10-01,92.0,33.0,17.0,124.0,12.0,124.0,O3,,DKI5
2018-10-02,76.0,41.0,22.0,88.0,21.0,88.0,O3,,DKI5
2018-10-03,70.0,32.0,20.0,144.0,11.0,144.0,O3,,DKI5
2018-10-04,73.0,32.0,24.0,109.0,11.0,109.0,O3,,DKI5
2018-10-05,67.0,34.0,18.0,146.0,13.0,146.0,O3,,DKI5
2018-10-06,70.0,33.0,21.0,123.0,12.0,123.0,O3,,DKI5
2018-10-07,87.0,34.0,22.0,128.0,12.0,128.0,O3,,DKI5
2018-10-08,66.0,34.0,19.0,185.0,12.0,185.0,O3,,DKI5
2018-10-09,62.0,34.0,19.0,173.0,11.0,173.0,O3,,DKI5
2018-10-10,79.0,36.0,24.0,190.0,18.0,190.0,O3,,DKI5
2018-10-11,81.0,36.0,17.0,149.0,13.0,149.0,O3,,DKI5
2018-10-12,77.0,35.0,22.0,118.0,16.0,118.0,O3,,DKI5
2018-10-13,64.0,35.0,20.0,189.0,25.0,189.0,O3,,DKI2
2018-10-14,86.0,35.0,20.0,138.0,16.0,138.0,O3,,DKI5
2018-10-15,73.0,33.0,19.0,119.0,12.0,119.0,O3,,DKI5
2018-10-16,74.0,33.0,23.0,210.0,19.0,210.0,O3,,DKI5
2018-10-17,75.0,34.0,23.0,217.0,19.0,217.0,O3,,DKI5
2018-10-18,72.0,36.0,20.0,207.0,22.0,207.0,O3,,DKI5
2018-10-19,66.0,30.0,23.0,146.0,17.0,146.0,O3,,DKI5
2018-10-20,57.0,31.0,18.0,212.0,14.0,212.0,O3,,DKI5
2018-10-21,65.0,33.0,22.0,139.0,17.0,139.0,O3,,DKI5
2018-10-22,71.0,28.0,21.0,150.0,12.0,150.0,O3,,DKI5
2018-10-23,44.0,26.0,19.0,148.0,16.0,148.0,O3,,DKI2
2018-10-24,73.0,35.0,31.0,139.0,21.0,139.0,O3,,DKI2
2018-10-25,67.0,30.0,25.0,97.0,19.0,97.0,O3,,DKI5
2018-10-26,67.0,29.0,20.0,119.0,21.0,119.0,O3,,DKI2
2018-10-27,77.0,26.0,26.0,104.0,11.0,104.0,O3,,DKI3
2018-10-28,43.0,23.0,20.0,90.0,16.0,90.0,O3,,DKI3
2018-10-29,49.0,25.0,24.0,85.0,13.0,85.0,O3,,DKI3
2018-10-30,61.0,31.0,25.0,104.0,10.0,104.0,O3,,DKI3
2018-10-31,57.0,27.0,20.0,97.0,15.0,97.0,O3,,DKI3
2018-11-01,74.0,27.0,35.0,95.0,16.0,95.0,O3,SEDANG,DKI2
2018-11-02,50.0,26.0,21.0,85.0,13.0,85.0,O3,SEDANG,DKI3
2018-11-03,76.0,29.0,24.0,173.0,14.0,173.0,O3,TIDAK SEHAT,DKI2
2018-11-04,56.0,26.0,31.0,110.0,18.0,110.0,O3,TIDAK SEHAT,DKI5
2018-11-05,56.0,24.0,23.0,101.0,17.0,101.0,O3,TIDAK SEHAT,DKI3
2018-11-06,53.0,28.0,20.0,122.0,12.0,122.0,O3,TIDAK SEHAT,DKI2
2018-11-07,59.0,28.0,26.0,96.0,30.0,96.0,O3,SEDANG,DKI5
2018-11-08,63.0,32.0,24.0,89.0,21.0,89.0,O3,SEDANG,DKI3
2018-11-09,61.0,24.0,22.0,98.0,16.0,98.0,O3,SEDANG,DKI3
2018-11-10,60.0,24.0,36.0,166.0,19.0,166.0,O3,TIDAK SEHAT,DKI3
2018-11-11,71.0,40.0,35.0,104.0,16.0,104.0,O3,TIDAK SEHAT,DKI3
2018-11-12,66.0,24.0,31.0,144.0,15.0,144.0,O3,TIDAK SEHAT,DKI2
2018-11-13,66.0,23.0,31.0,129.0,23.0,129.0,O3,TIDAK SEHAT,DKI2
2018-11-14,60.0,23.0,25.0,65.0,17.0,65.0,O3,SEDANG,DKI2
2018-11-15,40.0,23.0,20.0,51.0,8.0,51.0,O3,SEDANG,DKI2
2018-11-16,54.0,31.0,22.0,234.0,16.0,234.0,O3,SANGAT TIDAK SEHAT,DKI2
2018-11-17,65.0,36.0,18.0,145.0,16.0,145.0,O3,TIDAK SEHAT,DKI2
2018-11-18,59.0,28.0,22.0,120.0,16.0,120.0,O3,TIDAK SEHAT,DKI3
2018-11-19,81.0,25.0,31.0,90.0,17.0,90.0,O3,SEDANG,DKI3
2018-11-20,56.0,25.0,21.0,94.0,16.0,94.0,O3,SEDANG,DKI2
2018-11-21,66.0,31.0,21.0,163.0,22.0,163.0,O3,TIDAK SEHAT,DKI2
2018-11-22,69.0,26.0,25.0,129.0,20.0,129.0,O3,TIDAK SEHAT,DKI2
2018-11-23,66.0,27.0,26.0,203.0,22.0,203.0,O3,SANGAT TIDAK SEHAT,DKI2
2018-11-24,61.0,24.0,38.0,193.0,22.0,193.0,O3,TIDAK SEHAT,DKI2
2018-11-25,57.0,25.0,21.0,77.0,15.0,77.0,O3,SEDANG,DKI3
2018-11-26,73.0,24.0,26.0,90.0,20.0,90.0,O3,SEDANG,DKI3
2018-11-27,63.0,24.0,28.0,126.0,19.0,126.0,O3,TIDAK SEHAT,DKI3
2018-11-28,63.0,26.0,22.0,109.0,17.0,109.0,O3,TIDAK SEHAT,DKI2
2018-11-29,62.0,27.0,33.0,76.0,26.0,76.0,O3,SEDANG,DKI3
2018-11-30,53.0,24.0,20.0,131.0,15.0,131.0,O3,TIDAK SEHAT,DKI3
2018-12-01,60.0,26.0,27.0,112.0,17.0,112.0,O3,TIDAK SEHAT,DKI3
2018-12-02,73.0,36.0,22.0,132.0,21.0,132.0,O3,TIDAK SEHAT,DKI2
2018-12-03,65.0,31.0,21.0,97.0,20.0,97.0,O3,SEDANG,DKI2
2018-12-04,64.0,24.0,31.0,71.0,21.0,71.0,O3,SEDANG,DKI1
2018-12-05,62.0,25.0,33.0,81.0,22.0,81.0,O3,SEDANG,DKI5
2018-12-06,61.0,27.0,33.0,94.0,17.0,94.0,O3,SEDANG,DKI3
2018-12-07,59.0,40.0,29.0,134.0,15.0,134.0,O3,TIDAK SEHAT,DKI3
2018-12-08,68.0,25.0,30.0,134.0,27.0,134.0,O3,TIDAK SEHAT,DKI2
2018-12-09,60.0,25.0,25.0,104.0,19.0,104.0,O3,TIDAK SEHAT,DKI2
2018-12-10,68.0,24.0,32.0,137.0,19.0,137.0,O3,TIDAK SEHAT,DKI2
2018-12-11,82.0,26.0,50.0,123.0,34.0,123.0,O3,TIDAK SEHAT,DKI2
2018-12-12,58.0,26.0,31.0,214.0,22.0,214.0,O3,SANGAT TIDAK SEHAT,DKI2
2018-12-13,52.0,26.0,24.0,117.0,26.0,117.0,O3,TIDAK SEHAT,DKI2
2018-12-14,50.0,24.0,21.0,92.0,18.0,92.0,O3,SEDANG,DKI3
2018-12-15,37.0,24.0,16.0,47.0,6.0,47.0,O3,BAIK,DKI2
2018-12-16,46.0,25.0,11.0,63.0,9.0,63.0,O3,SEDANG,DKI2
2018-12-17,41.0,30.0,12.0,128.0,12.0,128.0,O3,TIDAK SEHAT,DKI2
2018-12-18,51.0,27.0,16.0,160.0,14.0,160.0,O3,TIDAK SEHAT,DKI2
2018-12-19,62.0,27.0,24.0,195.0,19.0,195.0,O3,TIDAK SEHAT,DKI2
2018-12-20,55.0,27.0,24.0,97.0,18.0,97.0,O3,SEDANG,DKI3
2018-12-21,41.0,25.0,19.0,64.0,17.0,64.0,O3,SEDANG,DKI3
2018-12-22,58.0,32.0,21.0,66.0,18.0,66.0,O3,SEDANG,DKI3
2018-12-23,48.0,26.0,19.0,44.0,21.0,48.0,PM10,BAIK,DKI1
2018-12-24,34.0,24.0,9.0,45.0,5.0,45.0,O3,BAIK,DKI3
2018-12-25,29.0,24.0,7.0,70.0,4.0,70.0,O3,SEDANG,DKI3
2018-12-26,31.0,25.0,7.0,69.0,5.0,69.0,O3,SEDANG,DKI3
2018-12-27,29.0,25.0,15.0,55.0,6.0,55.0,O3,SEDANG,DKI1
2018-12-28,33.0,24.0,7.0,63.0,3.0,63.0,O3,SEDANG,DKI1
2018-12-29,30.0,24.0,6.0,50.0,8.0,50.0,O3,BAIK,DKI3
2018-12-30,48.0,12.0,6.0,53.0,4.0,53.0,O3,SEDANG,DKI3
2018-12-31,44.0,18.0,6.0,43.0,4.0,44.0,PM10,BAIK,DKI3
2019-01-01,29.0,15.0,7.0,71.0,13.0,71.0,O3,SEDANG,DKI2
2019-01-02,24.0,17.0,6.0,79.0,6.0,79.0,O3,SEDANG,DKI2
2019-01-03,23.0,16.0,6.0,65.0,4.0,65.0,O3,SEDANG,DKI2
2019-01-04,42.0,18.0,10.0,64.0,11.0,64.0,O3,SEDANG,DKI2
2019-01-05,54.0,29.0,16.0,51.0,20.0,54.0,PM10,SEDANG,DKI3
2019-01-06,69.0,34.0,30.0,105.0,27.0,105.0,O3,TIDAK SEHAT,DKI2
2019-01-07,71.0,47.0,16.0,132.0,25.0,132.0,O3,TIDAK SEHAT,DKI3
2019-01-08,51.0,22.0,25.0,143.0,26.0,143.0,O3,TIDAK SEHAT,DKI3
2019-01-09,61.0,22.0,28.0,198.0,21.0,198.0,O3,TIDAK SEHAT,DKI1
2019-01-10,59.0,22.0,27.0,128.0,18.0,128.0,O3,TIDAK SEHAT,DKI1
2019-01-11,63.0,23.0,28.0,91.0,13.0,91.0,O3,SEDANG,DKI3
2019-01-12,57.0,26.0,24.0,90.0,16.0,90.0,O3,SEDANG,DKI3
2019-01-13,65.0,24.0,28.0,119.0,15.0,119.0,O3,TIDAK SEHAT,DKI3
2019-01-14,65.0,25.0,32.0,99.0,18.0,99.0,O3,SEDANG,DKI1
2019-01-15,72.0,27.0,26.0,59.0,13.0,72.0,PM10,SEDANG,DKI3
2019-01-16,37.0,23.0,19.0,64.0,7.0,64.0,O3,SEDANG,DKI3
2019-01-17,56.0,23.0,23.0,101.0,14.0,101.0,O3,TIDAK SEHAT,DKI1
2019-01-18,27.0,23.0,16.0,103.0,13.0,103.0,O3,TIDAK SEHAT,DKI1
2019-01-19,44.0,24.0,27.0,127.0,13.0,127.0,O3,TIDAK SEHAT,DKI1
2019-01-20,74.0,30.0,39.0,82.0,17.0,82.0,O3,SEDANG,DKI3
2019-01-21,62.0,24.0,22.0,94.0,12.0,94.0,O3,SEDANG,DKI3
2019-01-22,39.0,24.0,23.0,92.0,9.0,92.0,O3,SEDANG,DKI3
2019-01-23,59.0,23.0,37.0,70.0,14.0,70.0,O3,SEDANG,DKI3
2019-01-24,51.0,19.0,20.0,81.0,12.0,81.0,O3,SEDANG,DKI3
2019-01-25,32.0,19.0,25.0,74.0,12.0,74.0,O3,SEDANG,DKI3
2019-01-26,63.0,22.0,37.0,118.0,17.0,118.0,O3,TIDAK SEHAT,DKI1
2019-01-27,56.0,18.0,49.0,74.0,10.0,74.0,O3,SEDANG,DKI3
2019-01-28,53.0,20.0,34.0,77.0,15.0,77.0,O3,SEDANG,DKI3
2019-01-29,48.0,19.0,33.0,88.0,11.0,88.0,O3,SEDANG,DKI3
2019-01-30,47.0,21.0,32.0,73.0,16.0,73.0,O3,SEDANG,DKI1
2019-01-31,56.0,23.0,22.0,54.0,17.0,56.0,PM10,SEDANG,DKI3
2019-02-01,61.0,20.0,47.0,93.0,12.0,93.0,,O3,SEDANG
2019-02-02,61.0,37.0,47.0,79.0,14.0,79.0,,O3,SEDANG
2019-02-03,64.0,26.0,34.0,95.0,13.0,95.0,,O3,SEDANG
2019-02-04,56.0,27.0,27.0,86.0,10.0,86.0,,O3,SEDANG
2019-02-05,57.0,20.0,36.0,80.0,10.0,80.0,,O3,SEDANG
2019-02-06,52.0,26.0,20.0,75.0,13.0,75.0,,O3,SEDANG
2019-02-07,70.0,39.0,34.0,65.0,19.0,70.0,,PM10,SEDANG
2019-02-08,63.0,44.0,23.0,132.0,18.0,132.0,,O3,TIDAK SEHAT
2019-02-09,59.0,24.0,25.0,144.0,22.0,144.0,,O3,TIDAK SEHAT
2019-02-10,59.0,23.0,28.0,81.0,17.0,81.0,,O3,SEDANG
2019-02-11,37.0,19.0,19.0,71.0,16.0,71.0,,O3,SEDANG
2019-02-12,56.0,34.0,36.0,94.0,17.0,94.0,,O3,SEDANG
2019-02-13,67.0,26.0,43.0,71.0,18.0,71.0,,O3,SEDANG
2019-02-14,73.0,35.0,39.0,91.0,17.0,91.0,,O3,SEDANG
2019-02-15,54.0,23.0,19.0,89.0,14.0,89.0,,O3,SEDANG
2019-02-16,42.0,21.0,15.0,111.0,12.0,111.0,,O3,TIDAK SEHAT
2019-02-17,55.0,20.0,20.0,79.0,12.0,79.0,,O3,SEDANG
2019-02-18,51.0,23.0,31.0,88.0,22.0,88.0,,O3,SEDANG
2019-02-19,72.0,26.0,31.0,123.0,21.0,123.0,,O3,TIDAK SEHAT
2019-02-20,69.0,24.0,41.0,70.0,23.0,70.0,,O3,SEDANG
2019-02-21,69.0,26.0,29.0,86.0,18.0,86.0,,O3,SEDANG
2019-02-22,60.0,34.0,34.0,77.0,19.0,77.0,,O3,SEDANG
2019-02-23,42.0,22.0,24.0,102.0,15.0,102.0,,O3,TIDAK SEHAT
2019-02-24,57.0,26.0,29.0,88.0,14.0,88.0,,O3,SEDANG
2019-02-25,59.0,28.0,32.0,115.0,12.0,115.0,,O3,TIDAK SEHAT
2019-02-26,61.0,29.0,25.0,88.0,14.0,88.0,,O3,SEDANG
2019-02-27,64.0,22.0,24.0,67.0,17.0,67.0,,O3,SEDANG
2019-02-28,56.0,21.0,22.0,98.0,13.0,98.0,,O3,SEDANG
2019-03-01,58.0,19.0,29.0,70.0,15.0,70.0,O3,SEDANG,DKI3
2019-03-02,50.0,51.0,25.0,62.0,12.0,62.0,O3,SEDANG,DKI3
2019-03-03,53.0,23.0,22.0,82.0,15.0,82.0,O3,SEDANG,DKI5
2019-03-04,55.0,22.0,32.0,104.0,22.0,104.0,O3,TIDAK SEHAT,DKI3
2019-03-05,47.0,21.0,28.0,83.0,22.0,83.0,O3,SEDANG,DKI5
2019-03-06,54.0,21.0,25.0,60.0,19.0,60.0,O3,SEDANG,DKI3
2019-03-07,55.0,24.0,39.0,112.0,17.0,112.0,O3,TIDAK SEHAT,DKI5
2019-03-08,78.0,25.0,41.0,155.0,27.0,155.0,O3,TIDAK SEHAT,DKI3
2019-03-09,67.0,35.0,29.0,215.0,27.0,215.0,O3,SANGAT TIDAK SEHAT,DKI5
2019-03-10,60.0,26.0,23.0,164.0,19.0,164.0,O3,TIDAK SEHAT,DKI2
2019-03-11,55.0,23.0,20.0,55.0,18.0,55.0,PM10,SEDANG,DKI2
2019-03-12,41.0,20.0,20.0,51.0,12.0,51.0,O3,SEDANG,DKI3
2019-03-13,50.0,27.0,28.0,122.0,22.0,122.0,O3,TIDAK SEHAT,DKI5
2019-03-14,58.0,26.0,52.0,162.0,36.0,162.0,O3,TIDAK SEHAT,DKI5
2019-03-15,71.0,29.0,29.0,132.0,35.0,132.0,O3,TIDAK SEHAT,DKI5
2019-03-16,60.0,26.0,43.0,128.0,15.0,128.0,O3,TIDAK SEHAT,DKI5
2019-03-17,51.0,21.0,18.0,82.0,9.0,82.0,O3,SEDANG,DKI5
2019-03-18,52.0,21.0,18.0,65.0,10.0,65.0,O3,SEDANG,DKI3
2019-03-19,38.0,20.0,18.0,68.0,6.0,68.0,O3,SEDANG,DKI3
2019-03-20,38.0,20.0,16.0,65.0,12.0,65.0,O3,SEDANG,DKI5
2019-03-21,58.0,21.0,21.0,74.0,10.0,74.0,O3,SEDANG,DKI5
2019-03-22,55.0,20.0,24.0,58.0,12.0,58.0,O3,SEDANG,DKI5
2019-03-23,40.0,20.0,15.0,75.0,15.0,75.0,O3,SEDANG,DKI5
2019-03-24,36.0,20.0,9.0,55.0,4.0,55.0,O3,SEDANG,DKI5
2019-03-25,40.0,20.0,14.0,42.0,7.0,42.0,O3,BAIK,DKI5
2019-03-26,71.0,21.0,36.0,89.0,16.0,89.0,O3,SEDANG,DKI5
2019-03-27,57.0,22.0,25.0,192.0,15.0,192.0,O3,TIDAK SEHAT,DKI5
2019-03-28,56.0,21.0,36.0,130.0,18.0,130.0,O3,TIDAK SEHAT,DKI5
2019-03-29,62.0,24.0,34.0,182.0,20.0,182.0,O3,TIDAK SEHAT,DKI5
2019-03-30,62.0,24.0,25.0,190.0,16.0,190.0,O3,TIDAK SEHAT,DKI5
2019-03-31,62.0,23.0,35.0,194.0,18.0,194.0,O3,TIDAK SEHAT,DKI5
2019-04-01,68.0,21.0,37.0,167.0,20.0,167.0,O3,TIDAK SEHAT,DKI5
2019-04-02,72.0,21.0,49.0,101.0,15.0,101.0,O3,TIDAK SEHAT,DKI5
2019-04-03,69.0,21.0,44.0,146.0,18.0,146.0,O3,TIDAK SEHAT,DKI5
2019-04-04,61.0,21.0,30.0,172.0,17.0,172.0,O3,TIDAK SEHAT,DKI5
2019-04-05,59.0,25.0,25.0,83.0,18.0,83.0,O3,SEDANG,DKI5
2019-04-06,74.0,21.0,38.0,195.0,23.0,195.0,O3,TIDAK SEHAT,DKI5
2019-04-07,72.0,21.0,41.0,243.0,13.0,243.0,O3,SANGAT TIDAK SEHAT,DKI5
2019-04-08,57.0,22.0,24.0,235.0,17.0,235.0,O3,SANGAT TIDAK SEHAT,DKI5
2019-04-09,72.0,25.0,27.0,127.0,18.0,127.0,O3,TIDAK SEHAT,DKI3
2019-04-10,82.0,25.0,32.0,199.0,27.0,199.0,O3,TIDAK SEHAT,DKI3
2019-04-11,69.0,23.0,23.0,153.0,17.0,153.0,O3,TIDAK SEHAT,DKI3
2019-04-12,55.0,22.0,38.0,78.0,10.0,78.0,O3,SEDANG,DKI2
2019-04-13,55.0,21.0,42.0,62.0,10.0,62.0,O3,SEDANG,DKI2
2019-04-14,45.0,22.0,37.0,112.0,14.0,112.0,O3,TIDAK SEHAT,DKI3
2019-04-15,64.0,22.0,39.0,122.0,23.0,122.0,O3,TIDAK SEHAT,DKI3
2019-04-16,62.0,22.0,43.0,119.0,16.0,119.0,O3,TIDAK SEHAT,DKI5
2019-04-17,69.0,22.0,39.0,80.0,16.0,80.0,O3,SEDANG,DKI4
2019-04-18,73.0,21.0,26.0,111.0,16.0,111.0,O3,TIDAK SEHAT,DKI3
2019-04-19,60.0,22.0,21.0,42.0,9.0,60.0,PM10,SEDANG,DKI4
2019-04-20,33.0,21.0,16.0,105.0,20.0,105.0,O3,TIDAK SEHAT,DKI3
2019-04-21,60.0,22.0,27.0,110.0,16.0,110.0,O3,TIDAK SEHAT,DKI3
2019-04-22,60.0,23.0,24.0,63.0,9.0,63.0,O3,SEDANG,DKI3
2019-04-23,63.0,24.0,18.0,73.0,10.0,73.0,O3,SEDANG,DKI3
2019-04-24,57.0,22.0,20.0,72.0,15.0,72.0,O3,SEDANG,DKI3
2019-04-25,67.0,22.0,45.0,85.0,12.0,85.0,O3,SEDANG,DKI3
2019-04-26,42.0,21.0,22.0,124.0,22.0,124.0,O3,TIDAK SEHAT,DKI3
2019-04-27,55.0,21.0,38.0,90.0,11.0,90.0,O3,SEDANG,DKI3
2019-04-28,65.0,22.0,46.0,78.0,11.0,78.0,O3,SEDANG,DKI5
2019-04-29,56.0,22.0,35.0,130.0,19.0,130.0,O3,TIDAK SEHAT,DKI3
2019-04-30,59.0,22.0,29.0,111.0,21.0,111.0,O3,TIDAK SEHAT,DKI3
2019-05-01,53.0,21.0,29.0,80.0,11.0,80.0,O3,SEDANG,DKI5
2019-05-02,48.0,13.0,18.0,29.0,6.0,48.0,PM10,BAIK,DKI3
2019-05-03,50.0,26.0,24.0,99.0,16.0,99.0,O3,SEDANG,DKI3
2019-05-04,72.0,22.0,32.0,92.0,15.0,92.0,O3,SEDANG,DKI3
2019-05-05,59.0,22.0,34.0,91.0,15.0,91.0,O3,SEDANG,DKI5
2019-05-06,52.0,16.0,22.0,93.0,13.0,93.0,O3,SEDANG,DKI3
2019-05-07,71.0,18.0,31.0,89.0,16.0,89.0,O3,SEDANG,DKI3
2019-05-08,77.0,23.0,52.0,132.0,21.0,132.0,O3,TIDAK SEHAT,DKI3
2019-05-09,69.0,23.0,32.0,149.0,22.0,149.0,O3,TIDAK SEHAT,DKI3
2019-05-10,57.0,22.0,26.0,87.0,16.0,87.0,O3,SEDANG,DKI2
2019-05-11,52.0,21.0,22.0,65.0,13.0,65.0,O3,SEDANG,DKI5
2019-05-12,69.0,22.0,24.0,76.0,12.0,76.0,O3,SEDANG,DKI4
2019-06-01,63.0,23.0,19.0,104.0,15.0,104.0,O3,TIDAK SEHAT,DKI2
2019-06-02,70.0,23.0,23.0,106.0,14.0,106.0,O3,TIDAK SEHAT,DKI2
2019-06-03,55.0,23.0,18.0,89.0,10.0,89.0,O3,SEDANG,DKI3
2019-06-04,75.0,24.0,20.0,82.0,11.0,82.0,O3,SEDANG,DKI3
2019-06-05,82.0,25.0,26.0,65.0,13.0,82.0,PM10,SEDANG,DKI4
2019-06-06,51.0,23.0,11.0,75.0,9.0,75.0,O3,SEDANG,DKI3
2019-06-07,51.0,24.0,11.0,54.0,8.0,54.0,O3,SEDANG,DKI4
2019-06-08,50.0,22.0,13.0,105.0,9.0,105.0,O3,TIDAK SEHAT,DKI2
2019-06-09,51.0,23.0,18.0,98.0,15.0,98.0,O3,SEDANG,DKI5
2019-06-10,57.0,23.0,20.0,88.0,16.0,88.0,O3,SEDANG,DKI5
2019-06-11,57.0,24.0,22.0,105.0,22.0,105.0,O3,TIDAK SEHAT,DKI5
2019-06-12,68.0,24.0,22.0,108.0,18.0,108.0,O3,TIDAK SEHAT,DKI5
2019-06-13,79.0,24.0,25.0,148.0,21.0,148.0,O3,TIDAK SEHAT,DKI4
2019-06-14,73.0,25.0,21.0,98.0,16.0,98.0,O3,SEDANG,DKI3
2019-06-15,57.0,24.0,27.0,112.0,24.0,112.0,O3,TIDAK SEHAT,DKI3
2019-06-16,66.0,24.0,24.0,107.0,17.0,107.0,O3,TIDAK SEHAT,DKI3
2019-06-17,75.0,25.0,24.0,93.0,14.0,93.0,O3,SEDANG,DKI3
2019-06-18,69.0,27.0,20.0,74.0,12.0,74.0,O3,SEDANG,DKI3
2019-06-19,80.0,27.0,19.0,92.0,16.0,92.0,O3,SEDANG,DKI5
2019-06-20,87.0,25.0,34.0,99.0,17.0,99.0,O3,SEDANG,DKI5
2019-06-21,79.0,27.0,23.0,103.0,13.0,103.0,O3,TIDAK SEHAT,DKI3
2019-06-22,80.0,28.0,19.0,133.0,15.0,133.0,O3,TIDAK SEHAT,DKI4
2019-06-23,72.0,26.0,20.0,134.0,17.0,134.0,O3,TIDAK SEHAT,DKI3
2019-06-24,79.0,27.0,20.0,103.0,13.0,103.0,O3,TIDAK SEHAT,DKI5
2019-06-25,89.0,26.0,25.0,89.0,14.0,89.0,PM10,SEDANG,DKI2
2019-06-26,84.0,27.0,21.0,80.0,15.0,84.0,PM10,SEDANG,DKI2
2019-06-27,81.0,26.0,25.0,142.0,17.0,142.0,O3,TIDAK SEHAT,DKI3
2019-06-28,69.0,29.0,28.0,143.0,21.0,143.0,O3,TIDAK SEHAT,DKI3
2019-06-29,69.0,29.0,26.0,173.0,17.0,173.0,O3,TIDAK SEHAT,DKI2
2019-06-30,64.0,27.0,16.0,83.0,12.0,83.0,O3,SEDANG,DKI3
2019-07-01,69.0,26.0,23.0,96.0,15.0,96.0,O3,SEDANG,DKI4
2019-07-02,71.0,26.0,24.0,108.0,15.0,108.0,O3,TIDAK SEHAT,DKI5
2019-07-03,71.0,28.0,21.0,87.0,16.0,87.0,O3,SEDANG,DKI5
2019-07-04,77.0,25.0,20.0,78.0,16.0,78.0,O3,SEDANG,DKI2
2019-07-05,67.0,26.0,23.0,91.0,13.0,91.0,O3,SEDANG,DKI2
2019-07-06,62.0,27.0,22.0,82.0,13.0,82.0,O3,SEDANG,DKI3
2019-07-07,63.0,26.0,12.0,58.0,7.0,63.0,PM10,SEDANG,DKI1
2019-07-08,61.0,27.0,17.0,84.0,10.0,84.0,O3,SEDANG,DKI3
2019-07-09,69.0,26.0,22.0,111.0,18.0,111.0,O3,TIDAK SEHAT,DKI2
2019-07-10,64.0,31.0,14.0,91.0,15.0,91.0,O3,SEDANG,DKI3
2019-07-11,71.0,28.0,20.0,63.0,14.0,71.0,PM10,SEDANG,DKI4
2019-07-12,67.0,28.0,17.0,77.0,13.0,77.0,O3,SEDANG,DKI3
2019-07-13,67.0,27.0,18.0,163.0,14.0,163.0,O3,TIDAK SEHAT,DKI4
2019-07-14,84.0,29.0,22.0,160.0,17.0,160.0,O3,TIDAK SEHAT,DKI4
2019-07-15,70.0,26.0,23.0,77.0,18.0,77.0,O3,SEDANG,DKI3
2019-07-16,78.0,27.0,24.0,92.0,19.0,92.0,O3,SEDANG,DKI4
2019-07-17,68.0,27.0,27.0,107.0,19.0,107.0,O3,TIDAK SEHAT,DKI5
2019-07-18,74.0,27.0,23.0,87.0,16.0,87.0,O3,SEDANG,DKI3
2019-07-19,68.0,28.0,26.0,58.0,18.0,68.0,PM10,SEDANG,DKI2
2019-07-20,75.0,27.0,22.0,113.0,22.0,113.0,O3,TIDAK SEHAT,DKI5
2019-07-21,79.0,27.0,18.0,91.0,12.0,91.0,O3,SEDANG,DKI2
2019-07-22,71.0,25.0,24.0,121.0,21.0,121.0,O3,TIDAK SEHAT,DKI5
2019-07-23,83.0,28.0,23.0,78.0,15.0,83.0,PM10,SEDANG,DKI2
2019-07-24,76.0,28.0,20.0,92.0,19.0,92.0,O3,SEDANG,DKI3
2019-07-25,79.0,28.0,37.0,124.0,25.0,124.0,O3,TIDAK SEHAT,DKI5
2019-07-26,83.0,28.0,21.0,96.0,21.0,96.0,O3,SEDANG,DKI3
2019-07-27,73.0,27.0,17.0,94.0,13.0,94.0,O3,SEDANG,DKI3
2019-07-28,90.0,27.0,17.0,115.0,13.0,115.0,O3,TIDAK SEHAT,DKI4
2019-07-29,75.0,27.0,27.0,129.0,17.0,129.0,O3,TIDAK SEHAT,DKI3
2019-07-30,83.0,27.0,26.0,99.0,15.0,99.0,O3,SEDANG,DKI2
2019-08-01,71.0,27.0,22.0,115.0,18.0,115.0,O3,TIDAK SEHAT,DKI5
2019-08-02,76.0,28.0,22.0,96.0,20.0,96.0,O3,SEDANG,DKI5
2019-08-03,77.0,28.0,20.0,92.0,19.0,92.0,O3,SEDANG,DKI5
2019-08-04,71.0,27.0,18.0,80.0,17.0,80.0,O3,SEDANG,DKI3
2019-08-05,64.0,28.0,0.0,117.0,22.0,117.0,O3,TIDAK SEHAT,DKI4
2019-08-06,66.0,29.0,20.0,140.0,18.0,140.0,O3,TIDAK SEHAT,DKI3
2019-08-07,79.0,28.0,22.0,127.0,14.0,127.0,O3,TIDAK SEHAT,DKI3
2019-08-08,98.0,22.0,24.0,146.0,21.0,146.0,O3,TIDAK SEHAT,DKI5
2019-08-09,74.0,29.0,21.0,119.0,18.0,119.0,O3,TIDAK SEHAT,DKI3
2019-08-10,82.0,29.0,24.0,100.0,18.0,100.0,O3,SEDANG,DKI3
2019-08-11,68.0,27.0,21.0,72.0,9.0,72.0,O3,SEDANG,DKI3
2019-08-12,71.0,27.0,17.0,73.0,10.0,73.0,O3,SEDANG,DKI3
2019-08-13,70.0,29.0,21.0,57.0,10.0,70.0,PM10,SEDANG,DKI2
2019-08-14,67.0,28.0,19.0,69.0,18.0,69.0,O3,SEDANG,DKI5
2019-08-15,72.0,28.0,22.0,102.0,17.0,102.0,O3,TIDAK SEHAT,DKI4
2019-08-16,92.0,28.0,48.0,207.0,19.0,207.0,O3,SANGAT TIDAK SEHAT,DKI5
2019-08-17,71.0,27.0,22.0,174.0,14.0,174.0,O3,TIDAK SEHAT,DKI5
2019-08-18,69.0,27.0,25.0,108.0,10.0,108.0,O3,TIDAK SEHAT,DKI5
2019-08-19,71.0,29.0,25.0,185.0,19.0,185.0,O3,TIDAK SEHAT,DKI4
2019-08-20,75.0,31.0,23.0,171.0,18.0,171.0,O3,TIDAK SEHAT,DKI5
2019-08-21,70.0,30.0,20.0,76.0,11.0,76.0,O3,SEDANG,DKI3
2019-08-22,70.0,21.0,20.0,88.0,14.0,88.0,O3,SEDANG,DKI5
2019-08-23,81.0,28.0,29.0,201.0,18.0,201.0,O3,SANGAT TIDAK SEHAT,DKI5
2019-08-24,77.0,28.0,22.0,171.0,19.0,171.0,O3,TIDAK SEHAT,DKI5
2019-08-25,66.0,29.0,17.0,128.0,12.0,128.0,O3,TIDAK SEHAT,DKI5
2019-08-26,78.0,30.0,22.0,184.0,16.0,184.0,O3,TIDAK SEHAT,DKI5
2019-08-27,79.0,35.0,24.0,149.0,22.0,149.0,O3,TIDAK SEHAT,DKI5
2019-08-28,69.0,27.0,28.0,108.0,17.0,108.0,O3,TIDAK SEHAT,DKI5
2019-08-29,76.0,28.0,28.0,132.0,14.0,132.0,O3,TIDAK SEHAT,DKI5
2019-08-30,72.0,30.0,22.0,96.0,12.0,96.0,O3,SEDANG,DKI5
2019-08-31,76.0,29.0,30.0,78.0,15.0,78.0,O3,SEDANG,DKI3
2019-09-01,74.0,22.0,26.0,109.0,10.0,109.0,O3,TIDAK SEHAT,DKI5
2019-09-02,71.0,20.0,24.0,187.0,16.0,187.0,O3,TIDAK SEHAT,DKI5
2019-09-03,73.0,31.0,20.0,141.0,20.0,141.0,O3,TIDAK SEHAT,DKI3
2019-09-04,78.0,30.0,24.0,144.0,13.0,144.0,O3,TIDAK SEHAT,DKI5
2019-09-05,75.0,30.0,26.0,113.0,12.0,113.0,O3,TIDAK SEHAT,DKI5
2019-09-06,74.0,30.0,23.0,127.0,15.0,127.0,O3,TIDAK SEHAT,DKI3
2019-09-07,73.0,30.0,26.0,127.0,15.0,127.0,O3,TIDAK SEHAT,DKI5
2019-09-08,65.0,31.0,20.0,126.0,11.0,126.0,O3,TIDAK SEHAT,DKI5
2019-09-09,67.0,29.0,20.0,106.0,14.0,106.0,O3,TIDAK SEHAT,DKI3
2019-09-10,70.0,30.0,21.0,91.0,13.0,91.0,O3,SEDANG,DKI5
2019-09-11,75.0,32.0,25.0,160.0,16.0,160.0,O3,TIDAK SEHAT,DKI5
2019-09-12,78.0,30.0,25.0,143.0,18.0,143.0,O3,TIDAK SEHAT,DKI5
2019-09-13,84.0,33.0,23.0,156.0,18.0,156.0,O3,TIDAK SEHAT,DKI5
2019-09-14,76.0,32.0,21.0,156.0,15.0,156.0,O3,TIDAK SEHAT,DKI5
2019-09-15,74.0,31.0,22.0,99.0,14.0,99.0,O3,SEDANG,DKI5
2019-09-16,67.0,30.0,24.0,74.0,10.0,74.0,O3,SEDANG,DKI5
2019-09-17,66.0,32.0,21.0,77.0,14.0,77.0,O3,SEDANG,DKI5
2019-09-18,71.0,32.0,22.0,132.0,16.0,132.0,O3,TIDAK SEHAT,DKI3
2019-09-19,70.0,32.0,25.0,107.0,12.0,107.0,O3,TIDAK SEHAT,DKI5
2019-09-20,66.0,31.0,19.0,91.0,13.0,91.0,O3,SEDANG,DKI5
2019-09-21,63.0,34.0,16.0,169.0,14.0,169.0,O3,TIDAK SEHAT,DKI5
2019-09-22,78.0,32.0,16.0,153.0,12.0,153.0,O3,TIDAK SEHAT,DKI5
2019-09-23,70.0,33.0,18.0,87.0,12.0,87.0,O3,SEDANG,DKI5
2019-09-24,73.0,32.0,18.0,112.0,12.0,112.0,O3,TIDAK SEHAT,DKI5
2019-09-25,78.0,26.0,24.0,174.0,17.0,174.0,O3,TIDAK SEHAT,DKI5
2019-09-26,74.0,31.0,21.0,110.0,14.0,110.0,O3,TIDAK SEHAT,DKI5
2019-09-27,72.0,31.0,23.0,131.0,16.0,131.0,O3,TIDAK SEHAT,DKI5
2019-09-28,63.0,33.0,18.0,102.0,10.0,102.0,O3,TIDAK SEHAT,DKI5
2019-09-29,75.0,31.0,19.0,115.0,14.0,115.0,O3,TIDAK SEHAT,DKI5
2019-09-30,71.0,31.0,18.0,146.0,14.0,146.0,O3,TIDAK SEHAT,DKI5
2019-10-01,134.0,33.0,20.0,184.0,16.0,184.0,O3,TIDAK SEHAT,DKI5
2019-10-02,79.0,34.0,15.0,153.0,16.0,153.0,O3,TIDAK SEHAT,DKI5
2019-10-03,78.0,31.0,19.0,138.0,21.0,138.0,O3,TIDAK SEHAT,DKI5
2019-10-04,76.0,33.0,19.0,169.0,23.0,169.0,O3,TIDAK SEHAT,DKI5
2019-10-05,73.0,51.0,14.0,89.0,38.0,89.0,O3,SEDANG,DKI5
2019-10-06,62.0,31.0,10.0,164.0,8.0,164.0,O3,TIDAK SEHAT,DKI5
2019-10-07,73.0,33.0,15.0,100.0,11.0,100.0,O3,SEDANG,DKI5
2019-10-08,90.0,34.0,22.0,138.0,13.0,138.0,O3,TIDAK SEHAT,DKI5
2019-10-09,68.0,31.0,19.0,130.0,16.0,130.0,O3,TIDAK SEHAT,DKI3
2019-10-10,73.0,32.0,20.0,173.0,18.0,173.0,O3,TIDAK SEHAT,DKI5
2019-10-11,80.0,33.0,21.0,207.0,24.0,207.0,O3,SANGAT TIDAK SEHAT,DKI5
2019-10-12,77.0,33.0,31.0,177.0,14.0,177.0,O3,TIDAK SEHAT,DKI5
2019-10-13,70.0,33.0,17.0,173.0,13.0,173.0,O3,TIDAK SEHAT,DKI5
2019-10-14,79.0,34.0,18.0,156.0,13.0,156.0,O3,TIDAK SEHAT,DKI5
2019-10-15,64.0,32.0,18.0,178.0,14.0,178.0,O3,TIDAK SEHAT,DKI5
2019-10-16,74.0,31.0,23.0,144.0,17.0,144.0,O3,TIDAK SEHAT,DKI5
2019-10-17,64.0,31.0,20.0,156.0,12.0,156.0,O3,TIDAK SEHAT,DKI5
2019-10-18,60.0,33.0,17.0,104.0,14.0,104.0,O3,TIDAK SEHAT,DKI3
2019-10-19,75.0,32.0,19.0,78.0,11.0,78.0,O3,SEDANG,DKI3
2019-10-20,71.0,32.0,24.0,147.0,12.0,147.0,O3,TIDAK SEHAT,DKI5
2019-10-21,73.0,33.0,40.0,87.0,11.0,87.0,O3,SEDANG,DKI5
2019-10-22,70.0,33.0,16.0,135.0,16.0,135.0,O3,TIDAK SEHAT,DKI5
2019-10-23,70.0,33.0,20.0,140.0,17.0,140.0,O3,TIDAK SEHAT,DKI5
2019-10-24,77.0,34.0,18.0,129.0,18.0,129.0,O3,TIDAK SEHAT,DKI3
2019-10-25,75.0,33.0,19.0,172.0,12.0,172.0,O3,TIDAK SEHAT,DKI4
2019-10-26,75.0,34.0,19.0,180.0,15.0,180.0,O3,TIDAK SEHAT,DKI5
2019-10-27,83.0,34.0,28.0,153.0,12.0,153.0,O3,TIDAK SEHAT,DKI5
2019-10-28,68.0,19.0,21.0,121.0,15.0,121.0,O3,TIDAK SEHAT,DKI3
2019-10-29,85.0,34.0,30.0,97.0,14.0,97.0,O3,SEDANG,DKI3
2019-10-30,69.0,34.0,21.0,171.0,16.0,171.0,O3,TIDAK SEHAT,DKI5
2019-10-31,76.0,35.0,18.0,120.0,14.0,120.0,O3,TIDAK SEHAT,DKI3
2019-11-01,55.0,34.0,16.0,120.0,14.0,120.0,O3,TIDAK SEHAT,DKI2
2019-11-02,59.0,32.0,17.0,87.0,13.0,87.0,O3,SEDANG,DKI2
2019-11-03,58.0,34.0,14.0,92.0,12.0,92.0,O3,SEDANG,DKI5
2019-11-04,57.0,34.0,16.0,137.0,12.0,137.0,O3,TIDAK SEHAT,DKI2
2019-11-05,70.0,34.0,19.0,193.0,17.0,193.0,O3,TIDAK SEHAT,DKI5
2019-11-06,65.0,33.0,27.0,156.0,17.0,156.0,O3,TIDAK SEHAT,DKI5
2019-11-07,68.0,35.0,24.0,209.0,21.0,209.0,O3,SANGAT TIDAK SEHAT,DKI5
2019-11-08,85.0,35.0,26.0,150.0,24.0,150.0,O3,TIDAK SEHAT,DKI4
2019-11-09,81.0,38.0,17.0,220.0,16.0,220.0,O3,SANGAT TIDAK SEHAT,DKI5
2019-11-10,80.0,35.0,16.0,183.0,20.0,183.0,O3,TIDAK SEHAT,DKI5
2019-11-11,70.0,36.0,13.0,162.0,18.0,162.0,O3,TIDAK SEHAT,DKI4
2019-11-12,71.0,22.0,22.0,134.0,16.0,134.0,O3,TIDAK SEHAT,DKI5
2019-11-13,80.0,35.0,34.0,125.0,20.0,125.0,O3,TIDAK SEHAT,DKI5
2019-11-14,76.0,34.0,32.0,60.0,15.0,76.0,PM10,SEDANG,DKI2
2019-11-15,73.0,37.0,33.0,94.0,11.0,94.0,O3,SEDANG,DKI4
2019-11-16,66.0,36.0,20.0,81.0,12.0,81.0,O3,SEDANG,DKI3
2019-11-17,63.0,35.0,20.0,126.0,14.0,126.0,O3,TIDAK SEHAT,DKI5
2019-11-18,69.0,35.0,17.0,165.0,22.0,165.0,O3,TIDAK SEHAT,DKI5
2019-11-19,72.0,35.0,21.0,100.0,17.0,100.0,O3,SEDANG,DKI5
2019-11-20,53.0,21.0,18.0,134.0,15.0,134.0,O3,TIDAK SEHAT,DKI3
2019-11-21,72.0,36.0,21.0,103.0,14.0,103.0,O3,TIDAK SEHAT,DKI2
2019-11-22,60.0,35.0,27.0,112.0,17.0,112.0,O3,TIDAK SEHAT,DKI2
2019-11-23,85.0,36.0,34.0,146.0,19.0,146.0,O3,TIDAK SEHAT,DKI5
2019-11-24,68.0,37.0,27.0,167.0,13.0,167.0,O3,TIDAK SEHAT,DKI5
2019-11-25,67.0,36.0,23.0,160.0,18.0,160.0,O3,TIDAK SEHAT,DKI5
2019-11-26,81.0,35.0,30.0,125.0,15.0,125.0,O3,TIDAK SEHAT,DKI5
2019-11-27,70.0,34.0,38.0,101.0,12.0,101.0,O3,TIDAK SEHAT,DKI5
2019-11-28,71.0,36.0,28.0,106.0,14.0,106.0,O3,TIDAK SEHAT,DKI3
2019-11-29,63.0,35.0,25.0,124.0,11.0,124.0,O3,TIDAK SEHAT,DKI4
2019-11-30,56.0,34.0,26.0,111.0,13.0,111.0,O3,TIDAK SEHAT,DKI4
2019-12-01,63.0,34.0,30.0,117.0,10.0,117.0,O3,TIDAK SEHAT,DKI4
2019-12-02,53.0,35.0,21.0,136.0,14.0,136.0,O3,TIDAK SEHAT,DKI5
2019-12-03,68.0,23.0,28.0,107.0,16.0,107.0,O3,TIDAK SEHAT,DKI5
2019-12-04,61.0,36.0,29.0,125.0,13.0,125.0,O3,TIDAK SEHAT,DKI4
2019-12-05,61.0,34.0,22.0,143.0,13.0,143.0,O3,TIDAK SEHAT,DKI4
2019-12-06,61.0,35.0,25.0,159.0,11.0,159.0,O3,TIDAK SEHAT,DKI4
2019-12-07,48.0,35.0,20.0,86.0,10.0,86.0,O3,SEDANG,DKI4
2019-12-08,56.0,35.0,29.0,120.0,10.0,120.0,O3,TIDAK SEHAT,DKI4
2019-12-09,71.0,35.0,30.0,155.0,19.0,155.0,O3,TIDAK SEHAT,DKI5
2019-12-10,63.0,35.0,24.0,91.0,12.0,91.0,O3,SEDANG,DKI4
2019-12-11,74.0,37.0,31.0,184.0,14.0,184.0,O3,TIDAK SEHAT,DKI5
2019-12-12,74.0,36.0,28.0,87.0,14.0,87.0,O3,SEDANG,DKI3
2019-12-13,71.0,37.0,29.0,120.0,13.0,120.0,O3,TIDAK SEHAT,DKI4
2019-12-14,63.0,37.0,23.0,94.0,13.0,94.0,O3,SEDANG,DKI3
2019-12-15,63.0,36.0,19.0,99.0,11.0,99.0,O3,SEDANG,DKI5
2019-12-16,76.0,36.0,22.0,88.0,18.0,88.0,O3,SEDANG,DKI5
2019-12-17,62.0,36.0,22.0,75.0,12.0,75.0,O3,SEDANG,DKI5
2019-12-18,58.0,35.0,28.0,140.0,17.0,140.0,O3,TIDAK SEHAT,DKI5
2019-12-19,64.0,37.0,30.0,96.0,14.0,96.0,O3,SEDANG,DKI4
2019-12-20,72.0,38.0,30.0,99.0,16.0,99.0,O3,SEDANG,DKI3
2019-12-21,72.0,37.0,35.0,109.0,15.0,109.0,O3,TIDAK SEHAT,DKI4
2019-12-22,53.0,36.0,24.0,94.0,13.0,94.0,O3,SEDANG,DKI5
2019-12-23,60.0,36.0,32.0,99.0,18.0,99.0,O3,SEDANG,DKI5
2019-12-24,68.0,37.0,34.0,105.0,11.0,105.0,O3,TIDAK SEHAT,DKI5
2019-12-25,58.0,37.0,26.0,73.0,9.0,73.0,O3,SEDANG,DKI5
2019-12-26,54.0,37.0,22.0,91.0,12.0,91.0,O3,SEDANG,DKI5
2019-12-27,55.0,38.0,26.0,84.0,11.0,84.0,O3,SEDANG,DKI4
2019-12-28,64.0,37.0,34.0,61.0,11.0,64.0,PM10,SEDANG,DKI2
2019-12-29,64.0,38.0,36.0,69.0,10.0,69.0,O3,SEDANG,DKI5
2019-12-30,77.0,37.0,55.0,89.0,9.0,89.0,O3,SEDANG,DKI2
2019-12-31,52.0,37.0,23.0,55.0,9.0,55.0,O3,SEDANG,DKI3
2020-01-01,38.0,36.0,25.0,46.0,9.0,46.0,O3,BAIK,DKI5
2020-01-02,45.0,36.0,39.0,102.0,8.0,102.0,O3,TIDAK SEHAT,DKI5
2020-01-03,51.0,37.0,27.0,63.0,10.0,63.0,O3,SEDANG,DKI5
2020-01-04,51.0,38.0,19.0,85.0,10.0,85.0,O3,SEDANG,DKI5
2020-01-05,52.0,39.0,25.0,62.0,9.0,62.0,O3,SEDANG,DKI5
2020-01-06,62.0,37.0,39.0,64.0,9.0,64.0,O3,SEDANG,DKI5
2020-01-07,50.0,38.0,39.0,66.0,11.0,66.0,O3,SEDANG,DKI5
2020-01-08,52.0,40.0,22.0,70.0,11.0,70.0,O3,SEDANG,DKI5
2020-01-09,82.0,38.0,58.0,71.0,13.0,82.0,PM10,SEDANG,DKI4
2020-01-10,44.0,37.0,27.0,47.0,9.0,47.0,O3,BAIK,DKI5
2020-01-11,44.0,38.0,25.0,80.0,9.0,80.0,O3,SEDANG,DKI5
2020-01-12,43.0,38.0,17.0,46.0,5.0,46.0,O3,BAIK,DKI5
2020-01-13,42.0,38.0,15.0,51.0,8.0,51.0,O3,SEDANG,DKI4
2020-01-14,40.0,32.0,17.0,48.0,9.0,48.0,O3,BAIK,DKI4
2020-01-15,44.0,29.0,16.0,63.0,9.0,63.0,O3,SEDANG,DKI3
2020-01-16,70.0,60.0,41.0,78.0,12.0,78.0,O3,SEDANG,DKI3
2020-01-17,86.0,34.0,40.0,125.0,20.0,125.0,O3,TIDAK SEHAT,DKI4
2020-01-18,59.0,30.0,25.0,75.0,7.0,75.0,O3,SEDANG,DKI4
2020-01-19,76.0,34.0,71.0,110.0,15.0,110.0,O3,TIDAK SEHAT,DKI3
2020-01-20,56.0,31.0,20.0,65.0,9.0,65.0,O3,SEDANG,DKI3
2020-01-21,62.0,36.0,41.0,50.0,15.0,62.0,PM10,SEDANG,DKI3
2020-01-22,82.0,36.0,43.0,64.0,15.0,82.0,PM10,SEDANG,DKI4
2020-01-23,60.0,32.0,29.0,59.0,18.0,60.0,PM10,SEDANG,DKI4
2020-01-24,71.0,30.0,31.0,44.0,13.0,71.0,PM10,SEDANG,DKI4
2020-01-25,40.0,29.0,34.0,80.0,12.0,80.0,O3,SEDANG,DKI5
2020-01-26,63.0,30.0,51.0,89.0,11.0,89.0,O3,SEDANG,DKI5
2020-01-27,48.0,30.0,29.0,83.0,13.0,83.0,O3,SEDANG,DKI2
2020-01-28,72.0,31.0,39.0,74.0,17.0,74.0,O3,SEDANG,DKI3
2020-01-29,70.0,30.0,42.0,92.0,19.0,92.0,O3,SEDANG,DKI4
2020-01-30,38.0,30.0,21.0,80.0,20.0,80.0,O3,SEDANG,DKI4
2020-01-31,56.0,30.0,27.0,54.0,16.0,56.0,PM10,SEDANG,DKI4
2020-02-01,57.0,30.0,39.0,73.0,14.0,73.0,O3,SEDANG,DKI5
2020-02-02,52.0,30.0,35.0,64.0,12.0,64.0,O3,SEDANG,DKI5
2020-02-03,59.0,30.0,50.0,46.0,15.0,59.0,PM10,SEDANG,DKI4
2020-02-04,43.0,30.0,53.0,51.0,14.0,53.0,CO,SEDANG,DKI3
2020-02-05,67.0,30.0,57.0,52.0,12.0,67.0,PM10,SEDANG,DKI3
2020-02-06,63.0,30.0,26.0,50.0,18.0,63.0,PM10,SEDANG,DKI2
2020-02-07,55.0,28.0,28.0,50.0,16.0,55.0,PM10,SEDANG,DKI5
2020-02-08,74.0,30.0,24.0,67.0,12.0,74.0,PM10,SEDANG,DKI4
2020-02-09,48.0,30.0,35.0,50.0,12.0,50.0,O3,BAIK,DKI5
2020-02-10,51.0,31.0,27.0,91.0,15.0,91.0,O3,SEDANG,DKI2
2020-02-11,75.0,32.0,26.0,98.0,16.0,98.0,O3,SEDANG,DKI4
2020-02-12,65.0,35.0,19.0,126.0,19.0,126.0,O3,TIDAK SEHAT,DKI3
2020-02-13,63.0,33.0,23.0,83.0,20.0,83.0,O3,SEDANG,DKI5
2020-02-14,81.0,33.0,36.0,60.0,18.0,81.0,PM10,SEDANG,DKI4
2020-02-15,74.0,26.0,51.0,191.0,17.0,191.0,O3,TIDAK SEHAT,DKI4
2020-02-16,70.0,23.0,35.0,118.0,16.0,118.0,O3,TIDAK SEHAT,DKI4
2020-02-17,43.0,21.0,30.0,170.0,12.0,170.0,O3,TIDAK SEHAT,DKI4
2020-02-18,62.0,30.0,55.0,182.0,15.0,182.0,O3,TIDAK SEHAT,DKI5
2020-02-19,54.0,22.0,28.0,62.0,11.0,62.0,O3,SEDANG,DKI5
2020-02-20,43.0,20.0,21.0,73.0,13.0,73.0,O3,SEDANG,DKI5
2020-02-21,35.0,20.0,25.0,80.0,14.0,80.0,O3,SEDANG,DKI4
2020-02-22,58.0,19.0,75.0,85.0,13.0,85.0,O3,SEDANG,DKI4
2020-02-23,39.0,15.0,37.0,88.0,9.0,88.0,O3,SEDANG,DKI5
2020-02-24,32.0,19.0,21.0,89.0,9.0,89.0,O3,SEDANG,DKI5
2020-02-25,40.0,19.0,25.0,92.0,13.0,92.0,O3,SEDANG,DKI4
2020-02-26,52.0,19.0,27.0,89.0,13.0,89.0,O3,SEDANG,DKI4
2020-02-27,54.0,18.0,40.0,84.0,13.0,84.0,O3,SEDANG,DKI4
2020-02-28,56.0,21.0,33.0,121.0,16.0,121.0,O3,TIDAK SEHAT,DKI5
2020-02-29,64.0,22.0,52.0,144.0,13.0,144.0,O3,TIDAK SEHAT,DKI5
2020-08-01,69.0,22.0,16.0,134.0,14.0,134.0,O3,TIDAK SEHAT,DKI5
2020-08-02,91.0,27.0,26.0,102.0,16.0,102.0,O3,TIDAK SEHAT,DKI2
2020-08-03,95.0,26.0,19.0,90.0,16.0,95.0,PM10,SEDANG,DKI4
2020-08-04,73.0,27.0,12.0,91.0,12.0,91.0,O3,SEDANG,DKI5
2020-08-05,86.0,26.0,15.0,84.0,15.0,86.0,PM10,SEDANG,DKI4
2020-08-06,88.0,27.0,21.0,108.0,16.0,108.0,O3,TIDAK SEHAT,DKI5
2020-08-07,81.0,26.0,18.0,119.0,14.0,119.0,O3,TIDAK SEHAT,DKI5
2020-08-08,79.0,28.0,17.0,79.0,14.0,79.0,PM10,SEDANG,DKI4
2020-08-09,74.0,25.0,17.0,82.0,12.0,82.0,O3,SEDANG,DKI5
2020-08-10,81.0,25.0,19.0,76.0,12.0,81.0,PM10,SEDANG,DKI4
2020-08-11,96.0,26.0,19.0,78.0,12.0,96.0,PM10,SEDANG,DKI4
2020-08-12,93.0,25.0,37.0,68.0,18.0,93.0,PM10,SEDANG,DKI4
2020-08-13,81.0,24.0,19.0,58.0,13.0,81.0,PM10,SEDANG,DKI4
2020-08-14,41.0,21.0,21.0,68.0,17.0,68.0,O3,SEDANG,DKI5
2020-08-15,58.0,23.0,24.0,59.0,14.0,59.0,O3,SEDANG,DKI5
2020-08-16,52.0,24.0,20.0,68.0,10.0,68.0,O3,SEDANG,DKI3
2020-08-17,56.0,22.0,17.0,67.0,10.0,67.0,O3,SEDANG,DKI5
2020-08-18,75.0,25.0,19.0,99.0,14.0,99.0,O3,SEDANG,DKI5
2020-08-19,80.0,33.0,29.0,82.0,18.0,82.0,O3,SEDANG,DKI3
2020-08-20,62.0,30.0,18.0,64.0,13.0,64.0,O3,SEDANG,DKI3
2020-08-21,71.0,32.0,10.0,58.0,10.0,71.0,PM10,SEDANG,DKI4
2020-08-22,84.0,31.0,20.0,63.0,16.0,84.0,PM10,SEDANG,DKI4
2020-08-23,72.0,33.0,27.0,88.0,14.0,88.0,O3,SEDANG,DKI5
2020-08-24,79.0,31.0,17.0,68.0,14.0,79.0,PM10,SEDANG,DKI4
2020-08-25,74.0,33.0,13.0,75.0,17.0,75.0,O3,SEDANG,DKI5
2020-08-26,63.0,31.0,9.0,100.0,11.0,100.0,O3,SEDANG,DKI5
2020-08-27,57.0,31.0,10.0,80.0,11.0,80.0,O3,SEDANG,DKI5
2020-08-28,84.0,33.0,15.0,67.0,16.0,84.0,PM10,SEDANG,DKI4
2020-08-29,70.0,33.0,12.0,71.0,12.0,71.0,O3,SEDANG,DKI5
2020-08-30,74.0,33.0,15.0,79.0,10.0,79.0,O3,SEDANG,DKI5
2020-08-31,69.0,33.0,13.0,134.0,14.0,134.0,O3,TIDAK SEHAT,DKI5
2020-04-01,51.0,25.0,35.0,129.0,10.0,129.0,O3,TIDAK SEHAT,DKI5
2020-04-02,55.0,25.0,22.0,57.0,7.0,57.0,O3,SEDANG,DKI2
2020-04-03,55.0,27.0,22.0,62.0,6.0,62.0,O3,SEDANG,DKI2
2020-04-04,66.0,28.0,25.0,83.0,7.0,83.0,O3,SEDANG,DKI2
2020-04-05,66.0,28.0,19.0,103.0,8.0,103.0,O3,TIDAK SEHAT,DKI5
2020-04-06,56.0,26.0,29.0,73.0,9.0,73.0,O3,SEDANG,DKI5
2020-04-07,42.0,25.0,23.0,56.0,9.0,56.0,O3,SEDANG,DKI5
2020-04-08,33.0,26.0,13.0,69.0,7.0,69.0,O3,SEDANG,DKI5
2020-04-09,59.0,28.0,19.0,73.0,10.0,73.0,O3,SEDANG,DKI5
2020-04-10,65.0,27.0,26.0,132.0,12.0,132.0,O3,TIDAK SEHAT,DKI5
2020-04-11,109.0,27.0,18.0,135.0,6.0,135.0,O3,TIDAK SEHAT,DKI5
2020-04-12,82.0,27.0,31.0,136.0,13.0,136.0,O3,TIDAK SEHAT,DKI5
2020-04-13,52.0,26.0,17.0,86.0,9.0,86.0,O3,SEDANG,DKI5
2020-04-14,54.0,28.0,22.0,109.0,10.0,109.0,O3,TIDAK SEHAT,DKI5
2020-04-15,57.0,27.0,19.0,109.0,11.0,109.0,O3,TIDAK SEHAT,DKI5
2020-04-16,60.0,27.0,17.0,87.0,13.0,87.0,O3,SEDANG,DKI5
2020-04-17,60.0,27.0,19.0,92.0,11.0,92.0,O3,SEDANG,DKI3
2020-04-18,53.0,28.0,15.0,100.0,10.0,100.0,O3,SEDANG,DKI5
2020-04-19,73.0,29.0,20.0,147.0,14.0,147.0,O3,TIDAK SEHAT,DKI5
2020-04-20,78.0,28.0,20.0,116.0,9.0,116.0,O3,TIDAK SEHAT,DKI5
2020-04-21,69.0,28.0,17.0,59.0,10.0,69.0,PM10,SEDANG,DKI4
2020-04-22,111.0,31.0,26.0,75.0,11.0,111.0,PM10,TIDAK SEHAT,DKI4
2020-04-23,66.0,27.0,17.0,88.0,9.0,88.0,O3,SEDANG,DKI5
2020-04-24,71.0,27.0,22.0,70.0,8.0,71.0,PM10,SEDANG,DKI4
2020-04-25,64.0,26.0,29.0,77.0,9.0,77.0,O3,SEDANG,DKI5
2020-04-26,75.0,26.0,23.0,101.0,10.0,101.0,O3,TIDAK SEHAT,DKI5
2020-04-27,51.0,25.0,18.0,131.0,8.0,131.0,O3,TIDAK SEHAT,DKI5
2020-04-28,59.0,20.0,22.0,82.0,13.0,82.0,O3,SEDANG,DKI5
2020-04-29,67.0,25.0,19.0,85.0,11.0,85.0,O3,SEDANG,DKI5
2020-04-30,80.0,22.0,37.0,77.0,17.0,76.0,PM10,SEDANG,DKI4
2020-05-01,55.0,26.0,21.0,83.0,10.0,83.0,O3,SEDANG,DKI5
2020-05-02,36.0,22.0,12.0,80.0,9.0,80.0,O3,SEDANG,DKI5
2020-05-03,65.0,34.0,35.0,49.0,11.0,65.0,PM10,SEDANG,DKI5
2020-05-04,53.0,21.0,14.0,75.0,8.0,75.0,O3,SEDANG,DKI5
2020-05-05,53.0,22.0,18.0,73.0,9.0,73.0,O3,SEDANG,DKI5
2020-05-06,52.0,22.0,14.0,63.0,7.0,63.0,O3,SEDANG,DKI5
2020-05-07,67.0,24.0,18.0,69.0,9.0,69.0,O3,SEDANG,DKI5
2020-05-08,91.0,22.0,18.0,120.0,10.0,120.0,O3,TIDAK SEHAT,DKI5
2020-05-09,77.0,22.0,22.0,75.0,12.0,77.0,PM10,SEDANG,DKI4
2020-05-10,72.0,23.0,27.0,81.0,15.0,81.0,O3,SEDANG,DKI5
2020-05-11,54.0,24.0,18.0,83.0,8.0,83.0,O3,SEDANG,DKI5
2020-05-12,57.0,23.0,20.0,81.0,10.0,81.0,O3,SEDANG,DKI5
2020-05-13,55.0,22.0,17.0,79.0,8.0,79.0,O3,SEDANG,DKI5
2020-05-14,61.0,23.0,17.0,64.0,12.0,64.0,O3,SEDANG,DKI3
2020-05-15,66.0,23.0,18.0,62.0,9.0,66.0,PM10,SEDANG,DKI2
2020-05-16,65.0,23.0,17.0,77.0,8.0,77.0,O3,SEDANG,DKI5
2020-05-17,74.0,23.0,18.0,122.0,9.0,122.0,O3,TIDAK SEHAT,DKI5
2020-05-18,62.0,21.0,15.0,79.0,10.0,79.0,O3,SEDANG,DKI5
2020-05-19,42.0,23.0,15.0,119.0,13.0,119.0,O3,TIDAK SEHAT,DKI5
2020-05-20,61.0,23.0,14.0,73.0,9.0,73.0,O3,SEDANG,DKI4
2020-05-21,33.0,23.0,14.0,79.0,12.0,79.0,O3,SEDANG,DKI2
2020-05-22,70.0,22.0,16.0,88.0,17.0,88.0,O3,SEDANG,DKI5
2020-05-23,42.0,22.0,15.0,87.0,8.0,87.0,O3,SEDANG,DKI5
2020-05-24,62.0,21.0,26.0,65.0,11.0,65.0,O3,SEDANG,DKI2
2020-05-25,50.0,25.0,15.0,44.0,9.0,50.0,PM10,BAIK,DKI4
2020-05-26,52.0,42.0,18.0,45.0,8.0,52.0,PM10,SEDANG,DKI4
2020-05-27,37.0,22.0,12.0,76.0,10.0,76.0,O3,SEDANG,DKI2
2020-05-28,64.0,35.0,16.0,136.0,16.0,136.0,O3,TIDAK SEHAT,DKI5
2020-05-29,62.0,27.0,16.0,134.0,12.0,134.0,O3,TIDAK SEHAT,DKI5
2020-05-30,63.0,38.0,36.0,73.0,11.0,73.0,O3,SEDANG,DKI5
2020-05-31,54.0,32.0,28.0,66.0,9.0,66.0,O3,SEDANG,DKI5
2020-06-01,61.0,23.0,22.0,69.0,10.0,69.0,O3,SEDANG,DKI5
2020-06-02,50.0,22.0,20.0,57.0,8.0,57.0,O3,SEDANG,DKI5
2020-06-03,47.0,21.0,14.0,48.0,11.0,48.0,O3,BAIK,DKI5
2020-06-04,56.0,31.0,18.0,41.0,11.0,56.0,PM10,SEDANG,DKI3
2020-06-05,62.0,24.0,17.0,96.0,12.0,96.0,O3,SEDANG,DKI5
2020-06-06,69.0,24.0,16.0,98.0,14.0,98.0,O3,SEDANG,DKI5
2020-06-07,66.0,26.0,19.0,96.0,15.0,96.0,O3,SEDANG,DKI3
2020-06-08,72.0,23.0,23.0,56.0,12.0,72.0,PM10,SEDANG,DKI4
2020-06-09,81.0,24.0,38.0,61.0,13.0,81.0,PM10,SEDANG,DKI4
2020-06-10,67.0,21.0,24.0,61.0,14.0,67.0,PM10,SEDANG,DKI1
2020-06-11,63.0,24.0,17.0,79.0,10.0,79.0,O3,SEDANG,DKI5
2020-06-12,55.0,22.0,14.0,97.0,13.0,97.0,O3,SEDANG,DKI5
2020-06-13,68.0,24.0,14.0,99.0,12.0,99.0,O3,SEDANG,DKI5
2020-06-14,64.0,30.0,17.0,97.0,12.0,97.0,O3,SEDANG,DKI5
2020-06-15,76.0,23.0,18.0,95.0,13.0,95.0,O3,SEDANG,DKI5
2020-06-16,74.0,24.0,24.0,59.0,11.0,74.0,PM10,SEDANG,DKI4
2020-06-17,74.0,23.0,20.0,73.0,12.0,74.0,PM10,SEDANG,DKI2
2020-06-18,67.0,24.0,20.0,79.0,9.0,79.0,O3,SEDANG,DKI5
2020-06-19,57.0,22.0,14.0,75.0,11.0,75.0,O3,SEDANG,DKI5
2020-06-20,73.0,23.0,20.0,92.0,17.0,92.0,O3,SEDANG,DKI5
2020-06-21,67.0,22.0,17.0,90.0,10.0,90.0,O3,SEDANG,DKI5
2020-06-22,71.0,25.0,19.0,69.0,11.0,71.0,PM10,SEDANG,DKI3
2020-06-23,58.0,22.0,21.0,70.0,15.0,70.0,O3,SEDANG,DKI2
2020-06-24,58.0,22.0,16.0,124.0,19.0,124.0,O3,TIDAK SEHAT,DKI2
2020-06-25,80.0,25.0,53.0,85.0,23.0,85.0,O3,SEDANG,DKI5
2020-06-26,78.0,24.0,23.0,97.0,19.0,97.0,O3,SEDANG,DKI5
2020-06-27,75.0,25.0,18.0,69.0,14.0,75.0,PM10,SEDANG,DKI2
2020-06-28,80.0,25.0,16.0,81.0,11.0,81.0,O3,SEDANG,DKI3
2020-06-29,78.0,24.0,15.0,90.0,15.0,90.0,O3,SEDANG,DKI5
2020-06-30,79.0,24.0,18.0,86.0,15.0,86.0,O3,SEDANG,DKI5
2020-07-01,74.0,29.0,15.0,94.0,14.0,94.0,O3,SEDANG,DKI5
2020-07-02,79.0,24.0,20.0,71.0,13.0,79.0,PM10,SEDANG,DKI2
2020-07-03,58.0,27.0,23.0,88.0,14.0,88.0,O3,SEDANG,DKI3
2020-07-04,70.0,23.0,16.0,71.0,14.0,71.0,O3,SEDANG,DKI3
2020-07-05,67.0,24.0,16.0,57.0,12.0,67.0,PM10,SEDANG,DKI4
2020-07-06,75.0,39.0,16.0,66.0,16.0,75.0,PM10,SEDANG,DKI2
2020-07-07,57.0,30.0,15.0,63.0,16.0,63.0,O3,SEDANG,DKI5
2020-07-08,69.0,28.0,15.0,90.0,15.0,90.0,O3,SEDANG,DKI5
2020-07-09,60.0,22.0,14.0,102.0,12.0,102.0,O3,TIDAK SEHAT,DKI2
2020-07-10,70.0,24.0,21.0,113.0,19.0,113.0,O3,TIDAK SEHAT,DKI3
2020-07-11,86.0,23.0,20.0,111.0,16.0,111.0,O3,TIDAK SEHAT,DKI3
2020-07-12,68.0,22.0,24.0,79.0,9.0,79.0,O3,SEDANG,DKI5
2020-07-13,68.0,25.0,20.0,71.0,13.0,71.0,O3,SEDANG,DKI3
2020-07-14,69.0,23.0,15.0,71.0,16.0,71.0,O3,SEDANG,DKI2
2020-07-15,63.0,22.0,14.0,51.0,12.0,63.0,PM10,SEDANG,DKI4
2020-07-16,55.0,27.0,13.0,52.0,11.0,55.0,PM10,SEDANG,DKI2
2020-07-17,66.0,31.0,17.0,68.0,14.0,68.0,O3,SEDANG,DKI5
2020-07-18,59.0,25.0,17.0,84.0,15.0,84.0,O3,SEDANG,DKI5
2020-07-19,71.0,25.0,21.0,90.0,10.0,90.0,O3,SEDANG,DKI5
2020-07-20,66.0,20.0,14.0,119.0,12.0,119.0,O3,TIDAK SEHAT,DKI5
2020-07-21,87.0,24.0,48.0,95.0,14.0,95.0,O3,SEDANG,DKI5
2020-07-22,63.0,23.0,20.0,75.0,15.0,75.0,O3,SEDANG,DKI5
2020-07-23,63.0,25.0,15.0,130.0,11.0,130.0,O3,TIDAK SEHAT,DKI5
2020-07-24,67.0,24.0,18.0,98.0,13.0,98.0,O3,SEDANG,DKI5
2020-07-25,69.0,24.0,13.0,92.0,11.0,92.0,O3,SEDANG,DKI5
2020-07-26,62.0,26.0,11.0,79.0,10.0,79.0,O3,SEDANG,DKI3
2020-07-27,67.0,31.0,12.0,89.0,12.0,89.0,O3,SEDANG,DKI5
2020-07-28,71.0,24.0,21.0,160.0,14.0,160.0,O3,TIDAK SEHAT,DKI5
2020-07-29,67.0,24.0,17.0,164.0,14.0,164.0,O3,TIDAK SEHAT,DKI5
2020-07-30,76.0,24.0,14.0,136.0,14.0,136.0,O3,TIDAK SEHAT,DKI3
2020-07-31,68.0,25.0,13.0,115.0,14.0,115.0,O3,TIDAK SEHAT,DKI2
